"Variable / Field Name","Form Name","Section Header","Field Type","Field Label","Choices, Calculations, OR Slider Labels","Field Note","Text Validation Type OR Show Slider Number","Text Validation Min","Text Validation Max","Identifier?","Branching Logic (Show field only if...)","Required Field?","Custom Alignment","Question Number (surveys only)","Matrix Group Name","Matrix Ranking?","Field Annotation"
"record_id","record_creation","","text","Record ID","","","integer","","","","","y","","","","","#cdi"
"rc_newrecord","record_creation","","radio","Do you want to create a new record?","1, Yes | 0, No","","","","","","[user-dag-label] != ""**AWAITING DAG**"" AND [site_check] = '1'","","RH","","","","#sys"
"rc_warning_emails","record_creation","","descriptive","The PI and Site email fields have not been set up for your site, please contact BCTU to set up your notification emails","","","","","","","[user-dag-label] != ""**AWAITING DAG**"" AND [user-dag-label] != """" AND ([site_check] = 'No site record' OR [site_check] = ""0"")","","","","","","#inf"
"rc_warning_emails_2","record_creation","","descriptive","You are not in a DAG. To create a record, you must be in a DAG so that PI and Site email fields for the site can be associated with the record.","","","","","","","[user-dag-label]='' AND [record-dag-label]=''","","","","","","#inf"
"rc_warning_active","record_creation","","descriptive","Your DAG (Site) is NOT allowed to recruit participants so records cannot be added.","","Contact the Trial Team.","","","","","[user-dag-label] != ""**AWAITING DAG**"" AND [user-dag-label] != """" AND [site_check] = ""2""","","","","","","#inf"
"rc_warning_dag","record_creation","","descriptive","You are currently assigned to the '[user-dag-label]' Data Access Group - before you'll be able to add/save data you need to be reassigned to a site Data Access Group by the Trial Team.","","","","","","","[user-dag-label] = ""**AWAITING DAG**""","","","","","","#inf"
"rc_warning_create","record_creation","","descriptive","You must confirm you wish to create a record (i.e. add a participant) before you can save the form (and create the record).","","","","","","","[user-dag-label] != ""**AWAITING DAG**"" AND [site_check] = '1' AND [rc_newrecord] != '1'","","","","","","#inf"
"site_name","record_creation","","calctext","DAG","","","","","","","","","","","","","#sys"
"site_id","record_creation","","calctext","DAG ID","","","","","","","","","","","","","#sys"
"site_check","record_creation","","sql","Check site status","","(No site record=No site record, 0=Missing data, 1=Data present and recruiting 2=Data present but NOT recruiting)","","","","","","","","","","","#sys"
"site_country","record_creation","","radio","Site country","3, England | 4, Wales | 1, Scotland | 2, Northern Ireland","","","","","","[site_country]!=''","","RH","","","","#sys"
"pi_email","record_creation","","text","PI email","","","email","","","","[pi_email]!=''","","","","","","#sys"
"site_email1","record_creation","","text","Site email 1","","","email","","","","[site_email1]!=''","","","","","","#sys"
"site_email2","record_creation","","text","Site email 2","","","email","","","","[site_email2]!=''","","","","","","#sys"
"site_email3","record_creation","","text","Site email 3","","","email","","","","[site_email3]!=''","","","","","","#sys"
"site_email4","record_creation","","text","Site email 4","","","email","","","","[site_email4]!=''","","","","","","#sys"
"site_email5","record_creation","","text","Site email 5","","","email","","","","[site_email5]!=''","","","","","","#sys"
"rc_stdfooter","record_creation","","descriptive","Created by [rc_created_by] on [rc_created_dt] at [rc_created_tm]","","","","","","","","","","","","","#adm"
"rc_created_by","record_creation","","text","Record created by","","","","","","","","","","","","","#sys"
"rc_created_dt","record_creation","","text","Record created date","","","date_dmy","","","","","","","","","","#sys"
"rc_created_tm","record_creation","","text","Record created time","","","time","","","","","","","","","","#sys"
"rc_created_dttm","record_creation","","text","Record created datetime","","","datetime_dmy","","","","","","","","","","#sys"
"rc_created_dt_min3d","record_creation","","calcdate","Record created date minus 3 days","","Form Status","date_dmy","","","","","","","","","","#sys"
"record_creation_complete","record_creation","","dropdown","Complete?","0, Incomplete | 1, Unverified | 2, Complete","","","","","","","","","","","",""
"cae_version","consent_eligibility","","dropdown","FORMAP Form Version","0, Dev | 1, 1.0","","","","","","[cae_version]!=''","","","","","","#sys"
"cae_stdhr","consent_eligibility","","descriptive","Participant Trial Number [first-event-name][record_id] Participating site [record-dag-label]","","","","","","","","","","","","","#inf"
"cae_form_title","consent_eligibility","","descriptive","Consent & Eligibility Form v[cae_version]","","Consent","","","","","","","","","","","#inf"
"cae_consent_pt","consent_eligibility","","radio","Has the patient provided consent?","1, Yes | 0, No","","","","","","[cae_version]!=''","y","RH","","","","#cdi"
"cae_term1","consent_eligibility","","calctext","Term 1","","","","","","","[cae_consent_pt]='0'","","","","","","#sys"
"cae_term2","consent_eligibility","","calctext","Term 2","","","","","","","[cae_consent_pt]='0'","","","","","","#sys"
"cae_consent_pc_lr","consent_eligibility","","radio","Has the [cae_term1] provided [cae_term2] due to the patient temporarily lacking capacity to consent?","1, Yes | 0, No","","","","","","[cae_consent_pt]='0'","y","RH","","","","#cdi"
"cae_term3","consent_eligibility","","calctext","Term 3","","","","","","","[cae_consent_pt]!=''","","","","","","#sys"
"cae_consent_rec_dttm","consent_eligibility","","text","Date and time [cae_term3] was received:","","","datetime_dmy","[rc_created_dttm]","now","","[cae_consent_pt]='1' OR [cae_consent_pc_lr]='1'","y","","","","","#cdi | // Min: Record created datetime, Max: now \\"
"cae_consent_rec_dttm_min7d","consent_eligibility","","calcdate","Date and time [cae_term3] was received - 7 days","","","datetime_dmy","","","","[cae_consent_pt]='1' OR [cae_consent_pc_lr]='1'","","","","","","#sys"
"cae_consent_rec_dt","consent_eligibility","","calcdate","Date [cae_term3] was received","","","date_dmy","","","","[cae_consent_pt]='1' OR [cae_consent_pc_lr]='1'","","","","","","#sys"
"cae_consent_rec_dt_min7d","consent_eligibility","","calcdate","Date [cae_term3] was received - 7 days","","","date_dmy","","","","[cae_consent_pt]='1' OR [cae_consent_pc_lr]='1'","","","","","","#sys"
"cae_dob_min","consent_eligibility","","calcdate","Date [cae_term3] was received - 100 years","","","date_dmy","","","","[cae_consent_pt]='1' OR [cae_consent_pc_lr]='1'","","","","","","#sys"
"cae_dob_max","consent_eligibility","","calcdate","Date [cae_term3] was received - 18 years","","","date_dmy","","","","[cae_consent_pt]='1' OR [cae_consent_pc_lr]='1'","","","","","","#sys"
"cae_1_i","consent_eligibility","","descriptive","Consent must be received by a suitably qualified medical practitioner who is delegated this task on the TONIC Site Signature and Delegation Log","","","","","","","[cae_consent_pt]='1' OR [cae_consent_pc_lr]='1'","","","","","","#inf"
"cae_consent_rec_by","consent_eligibility","","sql","Name of person receiving [cae_term3]:","","","","","","","[cae_consent_pt]='1' OR [cae_consent_pc_lr]='1'","y","","","","","#cdi"
"cae_2_i","consent_eligibility","","descriptive","Please ensure that the date of discussion, the name of the trial, summary of discussion, version number of the PIS given to participant, version number of ICF signed, date consent received and name of the person receiving consent, is recorded in the participant's medical notes","","Please ensure that the original consent form is retained in the site file, a signed copy of the consent form is given to the patient/personal consultee/legal representative, a copy is kept in the patient's notes and a copy is sent to BCTU","","","","","[cae_consent_pt]='1' OR [cae_consent_pc_lr]='1'","","","","","","#inf"
"cae_dob","consent_eligibility","","text","Date of birth:","","","date_dmy","[cae_dob_min]","[cae_dob_max]","","[cae_consent_rec_dttm]!=''","y","","","","","#cdi # pii | // Min: Date [cae_term3] was received - 100 years, Max: Date [cae_term3] was received - 18 years \\"
"cae_age","consent_eligibility","","calc","Age","","","","","","","[cae_consent_rec_dttm]!=''","","","","","","#sys"
"cae_dob_my","consent_eligibility","","calctext","Partial DOB:","","","","","","y","[cae_consent_rec_dttm]!=''","","","","","","#sys"
"cae_3_i","consent_eligibility","","descriptive","This patient is NOT ELIGIBLE to participate in the TONIC Trial, as the date of birth entered indicates the patient is NOT aged 18-100 years. Please check and re-enter the patients date of birth.","","","","","","","[cae_age]!='' AND ([cae_age]<18 OR [cae_age]>100)","","","","","","#inf"
"cae_1_sbhd","consent_eligibility","","descriptive","Inclusion checklist","","","","","","","[cae_consent_rec_dttm]!=''","","","","","","#inf"
"cae_over_18","consent_eligibility","","calctext","Is the patient aged 18 years or over?","","","","","","","[cae_consent_rec_dttm]!=''","y","RH","","","","#cdi"
"cae_consent_given","consent_eligibility","","calctext","Has the patient or for those that temporarily lack capacity has the personal consultee/legal representative given consent/assent by signing the TONIC specific consent/declaration form?","","","","","","","[cae_consent_rec_dttm]!=''","y","RH","","","","#cdi"
"cae_nela_eligible","consent_eligibility","","radio","Is the patient scheduled for NELA eligible expedited, urgent or immediate emergency laparotomy or laparoscopy?","1, Yes | 0, No","","","","","","[cae_consent_rec_dttm]!=''","y","RH","","","","#cdi"
"cae_2_sbhd","consent_eligibility","","descriptive","Exclusion checklist","","","","","","","[cae_consent_rec_dttm]!=''","","","","","","#inf"
"cae_trauma","consent_eligibility","","radio","Is the patient undergoing trauma-related laparotomy or laparoscopy?","1, Yes | 0, No","","","","","","[cae_consent_rec_dttm]!=''","y","RH","","","","#cdi"
"cae_palliative_care","consent_eligibility","","radio","Is the patient being treated with palliative/end of life intent?","1, Yes | 0, No","","","","","","[cae_consent_rec_dttm]!=''","y","RH","","","","#cdi"
"cae_recent_abdo_surgery","consent_eligibility","","radio","Has the patient had abdominal surgery in the preceding 30 days?","1, Yes | 0, No","","","","","","[cae_consent_rec_dttm]!=''","y","RH","","","","#cdi"
"cae_longterm_pn","consent_eligibility","","radio","Is the patient on long term Parenteral Nutrition prior to admission?","1, Yes | 0, No","","","","","","[cae_consent_rec_dttm]!=''","y","RH","","","","#cdi"
"cae_elig_check_calc","consent_eligibility","","calc","Exclusion criteria flag calculated","","99 = one or more field is blank","","","","","[cae_consent_rec_dttm]!=''","y","RH","","","","#sys"
"cae_4_i","consent_eligibility","","descriptive","This patient is NOT ELIGIBLE to participate in the TONIC Trial","","","","","","","[cae_elig_check_calc]=0","","","","","","#inf"
"cae_5_i","consent_eligibility","","descriptive","This patient is ELIGIBLE to participate in the TONIC Trial","","Form completion details","","","","","[cae_elig_check_calc]=1","","","","","","#inf"
"cae_completed_by","consent_eligibility","","sql","Form completed by:","","","","","","","[cae_version]!=''","y","","","","","#cdi"
"cae_completed_dt","consent_eligibility","","text","Date form completed","","","date_dmy","[rc_created_dt]","today","","[cae_version]!=''","y","","","","","#cdi | // Min: Record created date, Max: today \\"
"cae_stdfooter","consent_eligibility","","descriptive","Created by [cae_created_by] on [cae_created_dt] at [cae_created_tm]","","","","","","","","","","","","","#adm"
"cae_created_by","consent_eligibility","","text","Form created by","","","","","","","[cae_version]!=''","","","","","","#sys"
"cae_created_dt","consent_eligibility","","text","Form created date","","","date_dmy","","","","[cae_version]!=''","","","","","","#sys"
"cae_created_tm","consent_eligibility","","text","Form created time","","Form Status","time","","","","[cae_version]!=''","","","","","","#sys"
"consent_eligibility_complete","consent_eligibility","","dropdown","Complete?","0, Incomplete | 1, Unverified | 2, Complete","","","","","","","","","","","",""
"bad_added","bctu_admin","","text","Form added (in place of form version on other forms)","","","","","","","[bad_added]!=''","","","","","","#sys"
"bad_formstdheader","bctu_admin","","descriptive","Participant Trial Number [first-event-name][record_id] Participating site [record-dag-label]","","","","","","","","","","","","","#inf"
"bad_form_title","bctu_admin","","descriptive","BCTU Admin","","","","","","","","","","","","","#inf"
"bad_notes","bctu_admin","","textarea","Notes","","Survey Queue URL","","","","","[bad_added]!=''","","LV","","","","#adm"
"bad_survey_i","bctu_admin","","descriptive","[survey-queue-url]","","Data Queries","","","","","","","","","","","#inf"
"bad_qr_ttls","bctu_admin","","descriptive","Type Total Open Closed Subtotal Deverified Verified Subtotal","","Overall [bad_qr_ttl] [bad_qr_opn] [bad_qr_cls] [bad_qr_opn_cls_subttl] [bad_qr_dvf] [bad_qr_vfd] [bad_qr_dvf_vfd_subttl]","","","","","","","","","","","#emb"
"bad_form_management1","bctu_admin","","descriptive","Record created: [first-event-name][rc_created_dt]","","Form Name [Event] Expectedness","","","","","","","","","","","#emb"
"bad_form_management2","bctu_admin","","descriptive","Index Operation [Baseline] [bad_exp_iop]","","{bad_exp_or_iop:icons}","","","","","","","","","","","#emb"
"bad_form_management3","bctu_admin","","descriptive","Barthel Index [Day 30] [bad_exp_bi_d30]","","{bad_exp_or_bi_d30:icons}","","","","","","","","","","","#emb"
"bad_form_management4","bctu_admin","","descriptive","Barthel Index [Day 90] [bad_exp_bi_d90]","","{bad_exp_or_bi_d90:icons}","","","","","","","","","","","#emb"
"bad_overall_data_sbhd","bctu_admin","","descriptive","Overall Data Collection Status","","","","","","","","","","","","","#inf"
"bad_overall_data","bctu_admin","","radio","Data collection is complete and any queries resolved?","0, No | 1, Yes","","","","","","[bad_added]!=''","","RH","","","","#adm"
"bad_exp_cae","bctu_admin","","calctext","Expected - Consent & Eligibility [Baseline]","","","","","","","[bad_added]!='' or [bad_exp_cae]!=''","","","","","","#sys"
"bad_exp_or_cae","bctu_admin","","dropdown","Expected override - Consent & Eligibility [Baseline]","0, Not expected | 1, Expected | 2, Expected (WNR)","","","","","","[bad_added]!=''","","","","","","#sys"
"bad_due_cae","bctu_admin","","calcdate","Due - Consent & Eligibility [Baseline]","","","date_dmy","","","","[bad_added]!='' or [bad_due_cae]!=''","","","","","","#sys"
"bad_due_or_cae","bctu_admin","","checkbox","Due override - Consent & Eligibility [Baseline]","","","","","","","[bad_added]!=''","","","","","","#sys"
"bad_due_or_dt_cae","bctu_admin","","text","Due override date - Consent & Eligibility [Baseline]","","","date_dmy","","","","[bad_due_or_cae(1)]='1'","y","","","","","#sys"
"bad_enter_cae","bctu_admin","","calctext","Entered - Consent & Eligibility [Baseline]","","","","","","","[bad_added]!='' or [bad_enter_cae]!=''","","","","","","#sys"
"bad_review_cae","bctu_admin","","checkbox","Reviewed - Consent & Eligibility [Baseline]","","","","","","","[bad_added]!=''","","","","","","#sys"
"bad_exp_base","bctu_admin","","calctext","Expected - Baseline Data [Baseline]","","","","","","","[bad_added]!='' or [bad_exp_base]!=''","","","","","","#sys"
"bad_exp_or_base","bctu_admin","","dropdown","Expected override - Baseline Data [Baseline]","0, Not expected | 1, Expected | 2, Expected (WNR)","","","","","","[bad_added]!=''","","","","","","#sys"
"bad_due_base","bctu_admin","","calcdate","Due - Baseline Data [Baseline]","","","date_dmy","","","","[bad_added]!='' or [bad_due_base]!=''","","","","","","#sys"
"bad_due_or_base","bctu_admin","","checkbox","Due override - Baseline Data [Baseline]","","","","","","","[bad_added]!=''","","","","","","#sys"
"bad_due_or_dt_base","bctu_admin","","text","Due override date - Baseline Data [Baseline]","","","date_dmy","","","","[bad_due_or_base(1)]='1'","y","","","","","#sys"
"bad_enter_base","bctu_admin","","calctext","Entered - Baseline Data [Baseline]","","","","","","","[bad_added]!='' or [bad_enter_base]!=''","","","","","","#sys"
"bad_review_base","bctu_admin","","checkbox","Reviewed - Baseline Data [Baseline]","","","","","","","[bad_added]!=''","","","","","","#sys"
"bad_exp_nut_b","bctu_admin","","calctext","Expected - Baseline Nutrition [Baseline]","","","","","","","[bad_added]!='' or [bad_exp_nut_b]!=''","","","","","","#sys"
"bad_exp_or_nut_b","bctu_admin","","dropdown","Expected override - Baseline Nutrition [Baseline]","0, Not expected | 1, Expected | 2, Expected (WNR)","","","","","","[bad_added]!=''","","","","","","#sys"
"bad_due_nut_b","bctu_admin","","calcdate","Due - Baseline Nutrition [Baseline]","","","date_dmy","","","","[bad_added]!='' or [bad_due_nut_b]!=''","","","","","","#sys"
"bad_due_or_nut_b","bctu_admin","","checkbox","Due override - Baseline Nutrition [Baseline]","","","","","","","[bad_added]!=''","","","","","","#sys"
"bad_due_or_dt_nut_b","bctu_admin","","text","Due override date - Baseline Nutrition [Baseline]","","","date_dmy","","","","[bad_due_or_nut_b(1)]='1'","y","","","","","#sys"
"bad_enter_nut_b","bctu_admin","","calctext","Entered - Baseline Nutrition [Baseline]","","","","","","","[bad_added]!='' or [bad_enter_nut_b]!=''","","","","","","#sys"
"bad_review_nut_b","bctu_admin","","checkbox","Reviewed - Baseline Nutrition [Baseline]","","","","","","","[bad_added]!=''","","","","","","#sys"
"bad_exp_cntct","bctu_admin","","calctext","Expected - Contact Details [Baseline]","","","","","","","[bad_added]!='' or [bad_exp_cntct]!=''","","","","","","#sys"
"bad_exp_or_cntct","bctu_admin","","dropdown","Expected override - Contact Details [Baseline]","0, Not expected | 1, Expected | 2, Expected (WNR)","","","","","","[bad_added]!=''","","","","","","#sys"
"bad_due_cntct","bctu_admin","","calcdate","Due - Contact Details [Baseline]","","","date_dmy","","","","[bad_added]!='' or [bad_due_cntct]!=''","","","","","","#sys"
"bad_due_or_cntct","bctu_admin","","checkbox","Due override - Contact Details [Baseline]","","","","","","","[bad_added]!=''","","","","","","#sys"
"bad_due_or_dt_cntct","bctu_admin","","text","Due override date - Contact Details [Baseline]","","","date_dmy","","","","[bad_due_or_cntct(1)]='1'","y","","","","","#sys"
"bad_enter_cntct","bctu_admin","","calctext","Entered - Contact Details [Baseline]","","","","","","","[bad_added]!='' or [bad_enter_cntct]!=''","","","","","","#sys"
"bad_review_cntct","bctu_admin","","checkbox","Reviewed - Contact Details [Baseline]","","","","","","","[bad_added]!=''","","","","","","#sys"
"bad_exp_eq5d_base","bctu_admin","","calctext","Expected - EQ-5D [Baseline]","","","","","","","[bad_added]!='' or [bad_exp_eq5d_base]!=''","","","","","","#sys"
"bad_exp_or_eq5d_base","bctu_admin","","dropdown","Expected override - EQ-5D [Baseline]","0, Not expected | 1, Expected | 2, Expected (WNR)","","","","","","[bad_added]!=''","","","","","","#sys"
"bad_due_eq5d_base","bctu_admin","","calcdate","Due - EQ-5D [Baseline]","","","date_dmy","","","","[bad_added]!='' or [bad_due_eq5d_base]!=''","","","","","","#sys"
"bad_due_or_eq5d_base","bctu_admin","","checkbox","Due override - EQ-5D [Baseline]","","","","","","","[bad_added]!=''","","","","","","#sys"
"bad_due_or_dt_eq5d_base","bctu_admin","","text","Due override date - EQ-5D [Baseline]","","","date_dmy","","","","[bad_due_or_eq5d_base(1)]='1'","y","","","","","#sys"
"bad_enter_eq5d_base","bctu_admin","","calctext","Entered - EQ-5D [Baseline]","","","","","","","[bad_added]!='' or [bad_enter_eq5d_base]!=''","","","","","","#sys"
"bad_review_eq5d_base","bctu_admin","","checkbox","Reviewed - EQ-5D [Baseline]","","","","","","","[bad_added]!=''","","","","","","#sys"
"bad_exp_hruq_base","bctu_admin","","calctext","Expected - HRUQ [Baseline]","","","","","","","[bad_added]!='' or [bad_exp_hruq_base]!=''","","","","","","#sys"
"bad_exp_or_hruq_base","bctu_admin","","dropdown","Expected override - HRUQ [Baseline]","0, Not expected | 1, Expected | 2, Expected (WNR)","","","","","","[bad_added]!=''","","","","","","#sys"
"bad_due_hruq_base","bctu_admin","","calcdate","Due - HRUQ [Baseline]","","","date_dmy","","","","[bad_added]!='' or [bad_due_hruq_base]!=''","","","","","","#sys"
"bad_due_or_hruq_base","bctu_admin","","checkbox","Due override - HRUQ [Baseline]","","","","","","","[bad_added]!=''","","","","","","#sys"
"bad_due_or_dt_hruq_base","bctu_admin","","text","Due override date - HRUQ [Baseline]","","","date_dmy","","","","[bad_due_or_hruq_base(1)]='1'","y","","","","","#sys"
"bad_enter_hruq_base","bctu_admin","","calctext","Entered - HRUQ [Baseline]","","","","","","","[bad_added]!='' or [bad_enter_hruq_base]!=''","","","","","","#sys"
"bad_review_hruq_base","bctu_admin","","checkbox","Reviewed - HRUQ [Baseline]","","","","","","","[bad_added]!=''","","","","","","#sys"
"bad_exp_rand","bctu_admin","","calctext","Expected - Randomisation [Baseline]","","","","","","","[bad_added]!='' or [bad_exp_rand]!=''","","","","","","#sys"
"bad_exp_or_rand","bctu_admin","","dropdown","Expected override - Randomisation [Baseline]","0, Not expected | 1, Expected | 2, Expected (WNR)","","","","","","[bad_added]!=''","","","","","","#sys"
"bad_due_rand","bctu_admin","","calcdate","Due - Randomisation [Baseline]","","","date_dmy","","","","[bad_added]!='' or [bad_due_rand]!=''","","","","","","#sys"
"bad_due_or_rand","bctu_admin","","checkbox","Due override - Randomisation [Baseline]","","","","","","","[bad_added]!=''","","","","","","#sys"
"bad_due_or_dt_rand","bctu_admin","","text","Due override date - Randomisation [Baseline]","","","date_dmy","","","","[bad_due_or_rand(1)]='1'","y","","","","","#sys"
"bad_enter_rand","bctu_admin","","calctext","Entered - Randomisation [Baseline]","","","","","","","[bad_added]!='' or [bad_enter_rand]!=''","","","","","","#sys"
"bad_review_rand","bctu_admin","","checkbox","Reviewed - Randomisation [Baseline]","","","","","","","[bad_added]!=''","","","","","","#sys"
"bad_exp_iop","bctu_admin","","calctext","Expected - Index Operation [Baseline]","","","","","","","[bad_added]!='' or [bad_exp_iop]!=''","","","","","","#sys"
"bad_exp_or_iop","bctu_admin","","dropdown","Expected override - Index Operation [Baseline]","0, Not expected | 1, Expected | 2, Expected (WNR)","","","","","","[bad_added]!=''","","","","","","#sys"
"bad_due_iop","bctu_admin","","calcdate","Due - Index Operation [Baseline]","","","date_dmy","","","","[bad_added]!='' or [bad_due_iop]!=''","","","","","","#sys"
"bad_due_or_iop","bctu_admin","","checkbox","Due override - Index Operation [Baseline]","","","","","","","[bad_added]!=''","","","","","","#sys"
"bad_due_or_dt_iop","bctu_admin","","text","Due override date - Index Operation [Baseline]","","","date_dmy","","","","[bad_due_or_iop(1)]='1'","y","","","","","#sys"
"bad_enter_iop","bctu_admin","","calctext","Entered - Index Operation [Baseline]","","","","","","","[bad_added]!='' or [bad_enter_iop]!=''","","","","","","#sys"
"bad_review_iop","bctu_admin","","checkbox","Reviewed - Index Operation [Baseline]","","","","","","","[bad_added]!=''","","","","","","#sys"
"bad_exp_bi_dis","bctu_admin","","calctext","Expected - Barthel Index [Discharge]","","","","","","","[bad_added]!='' or [bad_exp_bi_dis]!=''","","","","","","#sys"
"bad_exp_or_bi_dis","bctu_admin","","dropdown","Expected override - Barthel Index [Discharge]","0, Not expected | 1, Expected | 2, Expected (WNR)","","","","","","[bad_added]!=''","","","","","","#sys"
"bad_due_bi_dis","bctu_admin","","calcdate","Due - Barthel Index [Discharge]","","","date_dmy","","","","[bad_added]!='' or [bad_due_bi_dis]!=''","","","","","","#sys"
"bad_due_or_bi_dis","bctu_admin","","checkbox","Due override - Barthel Index [Discharge]","","","","","","","[bad_added]!=''","","","","","","#sys"
"bad_due_or_dt_bi_dis","bctu_admin","","text","Due override date - Barthel Index [Discharge]","","","date_dmy","","","","[bad_due_or_bi_dis(1)]='1'","y","","","","","#sys"
"bad_enter_bi_dis","bctu_admin","","calctext","Entered - Barthel Index [Discharge]","","","","","","","[bad_added]!='' or [bad_enter_bi_dis]!=''","","","","","","#sys"
"bad_review_bi_dis","bctu_admin","","checkbox","Reviewed - Barthel Index [Discharge]","","","","","","","[bad_added]!=''","","","","","","#sys"
"bad_exp_dis","bctu_admin","","calctext","Expected - Discharge [Discharge]","","","","","","","[bad_added]!='' or [bad_exp_dis]!=''","","","","","","#sys"
"bad_exp_or_dis","bctu_admin","","dropdown","Expected override - Discharge [Discharge]","0, Not expected | 1, Expected | 2, Expected (WNR)","","","","","","[bad_added]!=''","","","","","","#sys"
"bad_due_dis","bctu_admin","","calcdate","Due - Discharge [Discharge]","","","date_dmy","","","","[bad_added]!='' or [bad_due_dis]!=''","","","","","","#sys"
"bad_due_or_dis","bctu_admin","","checkbox","Due override - Discharge [Discharge]","","","","","","","[bad_added]!=''","","","","","","#sys"
"bad_due_or_dt_dis","bctu_admin","","text","Due override date - Discharge [Discharge]","","","date_dmy","","","","[bad_due_or_dis(1)]='1'","y","","","","","#sys"
"bad_enter_dis","bctu_admin","","calctext","Entered - Discharge [Discharge]","","","","","","","[bad_added]!='' or [bad_enter_dis]!=''","","","","","","#sys"
"bad_review_dis","bctu_admin","","checkbox","Reviewed - Discharge [Discharge]","","","","","","","[bad_added]!=''","","","","","","#sys"
"bad_exp_nut_o","bctu_admin","","calctext","Expected - Nutritional Outcomes [Discharge]","","","","","","","[bad_added]!='' or [bad_exp_nut_o]!=''","","","","","","#sys"
"bad_exp_or_nut_o","bctu_admin","","dropdown","Expected override - Nutritional Outcomes [Discharge]","0, Not expected | 1, Expected | 2, Expected (WNR)","","","","","","[bad_added]!=''","","","","","","#sys"
"bad_due_nut_o","bctu_admin","","calcdate","Due - Nutritional Outcomes [Discharge]","","","date_dmy","","","","[bad_added]!='' or [bad_due_nut_o]!=''","","","","","","#sys"
"bad_due_or_nut_o","bctu_admin","","checkbox","Due override - Nutritional Outcomes [Discharge]","","","","","","","[bad_added]!=''","","","","","","#sys"
"bad_due_or_dt_nut_o","bctu_admin","","text","Due override date - Nutritional Outcomes [Discharge]","","","date_dmy","","","","[bad_due_or_nut_o(1)]='1'","y","","","","","#sys"
"bad_enter_nut_o","bctu_admin","","calctext","Entered - Nutritional Outcomes [Discharge]","","","","","","","[bad_added]!='' or [bad_enter_nut_o]!=''","","","","","","#sys"
"bad_review_nut_o","bctu_admin","","checkbox","Reviewed - Nutritional Outcomes [Discharge]","","","","","","","[bad_added]!=''","","","","","","#sys"
"bad_exp_pro_dis","bctu_admin","","calctext","Expected - PRO-diGI [Discharge]","","","","","","","[bad_added]!='' or [bad_exp_pro_dis]!=''","","","","","","#sys"
"bad_exp_or_pro_dis","bctu_admin","","dropdown","Expected override - PRO-diGI [Discharge]","0, Not expected | 1, Expected | 2, Expected (WNR)","","","","","","[bad_added]!=''","","","","","","#sys"
"bad_due_pro_dis","bctu_admin","","calcdate","Due - PRO-diGI [Discharge]","","","date_dmy","","","","[bad_added]!='' or [bad_due_pro_dis]!=''","","","","","","#sys"
"bad_due_or_pro_dis","bctu_admin","","checkbox","Due override - PRO-diGI [Discharge]","","","","","","","[bad_added]!=''","","","","","","#sys"
"bad_due_or_dt_pro_dis","bctu_admin","","text","Due override date - PRO-diGI [Discharge]","","","date_dmy","","","","[bad_due_or_pro_dis(1)]='1'","y","","","","","#sys"
"bad_enter_pro_dis","bctu_admin","","calctext","Entered - PRO-diGI [Discharge]","","","","","","","[bad_added]!='' or [bad_enter_pro_dis]!=''","","","","","","#sys"
"bad_review_pro_dis","bctu_admin","","checkbox","Reviewed - PRO-diGI [Discharge]","","","","","","","[bad_added]!=''","","","","","","#sys"
"bad_exp_eq5d_dis","bctu_admin","","calctext","Expected - EQ-5D [Discharge]","","","","","","","[bad_added]!='' or [bad_exp_eq5d_dis]!=''","","","","","","#sys"
"bad_exp_or_eq5d_dis","bctu_admin","","dropdown","Expected override - EQ-5D [Discharge]","0, Not expected | 1, Expected | 2, Expected (WNR)","","","","","","[bad_added]!=''","","","","","","#sys"
"bad_due_eq5d_dis","bctu_admin","","calcdate","Due - EQ-5D [Discharge]","","","date_dmy","","","","[bad_added]!='' or [bad_due_eq5d_dis]!=''","","","","","","#sys"
"bad_due_or_eq5d_dis","bctu_admin","","checkbox","Due override - EQ-5D [Discharge]","","","","","","","[bad_added]!=''","","","","","","#sys"
"bad_due_or_dt_eq5d_dis","bctu_admin","","text","Due override date - EQ-5D [Discharge]","","","date_dmy","","","","[bad_due_or_eq5d_dis(1)]='1'","y","","","","","#sys"
"bad_enter_eq5d_dis","bctu_admin","","calctext","Entered - EQ-5D [Discharge]","","","","","","","[bad_added]!='' or [bad_enter_eq5d_dis]!=''","","","","","","#sys"
"bad_review_eq5d_dis","bctu_admin","","checkbox","Reviewed - EQ-5D [Discharge]","","","","","","","[bad_added]!=''","","","","","","#sys"
"bad_exp_qor15_dis","bctu_admin","","calctext","Expected - QoR-15 [Discharge]","","","","","","","[bad_added]!='' or [bad_exp_qor15_dis]!=''","","","","","","#sys"
"bad_exp_or_qor15_dis","bctu_admin","","dropdown","Expected override - QoR-15 [Discharge]","0, Not expected | 1, Expected | 2, Expected (WNR)","","","","","","[bad_added]!=''","","","","","","#sys"
"bad_due_qor15_dis","bctu_admin","","calcdate","Due - QoR-15 [Discharge]","","","date_dmy","","","","[bad_added]!='' or [bad_due_qor15_dis]!=''","","","","","","#sys"
"bad_due_or_qor15_dis","bctu_admin","","checkbox","Due override - QoR-15 [Discharge]","","","","","","","[bad_added]!=''","","","","","","#sys"
"bad_due_or_dt_qor15_dis","bctu_admin","","text","Due override date - QoR-15 [Discharge]","","","date_dmy","","","","[bad_due_or_qor15_dis(1)]='1'","y","","","","","#sys"
"bad_enter_qor15_dis","bctu_admin","","calctext","Entered - QoR-15 [Discharge]","","","","","","","[bad_added]!='' or [bad_enter_qor15_dis]!=''","","","","","","#sys"
"bad_review_qor15_dis","bctu_admin","","checkbox","Reviewed - QoR-15 [Discharge]","","","","","","","[bad_added]!=''","","","","","","#sys"
"bad_exp_bi_d30","bctu_admin","","calctext","Expected - Barthel Index [Day 30]","","","","","","","[bad_added]!='' or [bad_exp_bi_d30]!=''","","","","","","#sys"
"bad_exp_or_bi_d30","bctu_admin","","dropdown","Expected override - Barthel Index [Day 30]","0, Not expected | 1, Expected | 2, Expected (WNR)","","","","","","[bad_added]!=''","","","","","","#sys"
"bad_due_bi_d30","bctu_admin","","calcdate","Due - Barthel Index [Day 30]","","","date_dmy","","","","[bad_added]!='' or [bad_due_bi_d30]!=''","","","","","","#sys"
"bad_due_or_bi_d30","bctu_admin","","checkbox","Due override - Barthel Index [Day 30]","","","","","","","[bad_added]!=''","","","","","","#sys"
"bad_due_or_dt_bi_d30","bctu_admin","","text","Due override date - Barthel Index [Day 30]","","","date_dmy","","","","[bad_due_or_bi_d30(1)]='1'","y","","","","","#sys"
"bad_enter_bi_d30","bctu_admin","","calctext","Entered - Barthel Index [Day 30]","","","","","","","[bad_added]!='' or [bad_enter_bi_d30]!=''","","","","","","#sys"
"bad_review_bi_d30","bctu_admin","","checkbox","Reviewed - Barthel Index [Day 30]","","","","","","","[bad_added]!=''","","","","","","#sys"
"bad_exp_pop_d30","bctu_admin","","calctext","Expected - Post Operation [Day 30]","","","","","","","[bad_added]!='' or [bad_exp_pop_d30]!=''","","","","","","#sys"
"bad_exp_or_pop_d30","bctu_admin","","dropdown","Expected override - Post Operation [Day 30]","0, Not expected | 1, Expected | 2, Expected (WNR)","","","","","","[bad_added]!=''","","","","","","#sys"
"bad_due_pop_d30","bctu_admin","","calcdate","Due - Post Operation [Day 30]","","","date_dmy","","","","[bad_added]!='' or [bad_due_pop_d30]!=''","","","","","","#sys"
"bad_due_or_pop_d30","bctu_admin","","checkbox","Due override - Post Operation [Day 30]","","","","","","","[bad_added]!=''","","","","","","#sys"
"bad_due_or_dt_pop_d30","bctu_admin","","text","Due override date - Post Operation [Day 30]","","","date_dmy","","","","[bad_due_or_pop_d30(1)]='1'","y","","","","","#sys"
"bad_enter_pop_d30","bctu_admin","","calctext","Entered - Post Operation [Day 30]","","","","","","","[bad_added]!='' or [bad_enter_pop_d30]!=''","","","","","","#sys"
"bad_review_pop_d30","bctu_admin","","checkbox","Reviewed - Post Operation [Day 30]","","","","","","","[bad_added]!=''","","","","","","#sys"
"bad_exp_pro_d30","bctu_admin","","calctext","Expected - PRO-diGI [Day 30]","","","","","","","[bad_added]!='' or [bad_exp_pro_d30]!=''","","","","","","#sys"
"bad_exp_or_pro_d30","bctu_admin","","dropdown","Expected override - PRO-diGI [Day 30]","0, Not expected | 1, Expected | 2, Expected (WNR)","","","","","","[bad_added]!=''","","","","","","#sys"
"bad_due_pro_d30","bctu_admin","","calcdate","Due - PRO-diGI [Day 30]","","","date_dmy","","","","[bad_added]!='' or [bad_due_pro_d30]!=''","","","","","","#sys"
"bad_due_or_pro_d30","bctu_admin","","checkbox","Due override - PRO-diGI [Day 30]","","","","","","","[bad_added]!=''","","","","","","#sys"
"bad_due_or_dt_pro_d30","bctu_admin","","text","Due override date - PRO-diGI [Day 30]","","","date_dmy","","","","[bad_due_or_pro_d30(1)]='1'","y","","","","","#sys"
"bad_enter_pro_d30","bctu_admin","","calctext","Entered - PRO-diGI [Day 30]","","","","","","","[bad_added]!='' or [bad_enter_pro_d30]!=''","","","","","","#sys"
"bad_review_pro_d30","bctu_admin","","checkbox","Reviewed - PRO-diGI [Day 30]","","","","","","","[bad_added]!=''","","","","","","#sys"
"bad_exp_eq5d_d30","bctu_admin","","calctext","Expected - EQ-5D [Day 30]","","","","","","","[bad_added]!='' or [bad_exp_eq5d_d30]!=''","","","","","","#sys"
"bad_exp_or_eq5d_d30","bctu_admin","","dropdown","Expected override - EQ-5D [Day 30]","0, Not expected | 1, Expected | 2, Expected (WNR)","","","","","","[bad_added]!=''","","","","","","#sys"
"bad_due_eq5d_d30","bctu_admin","","calcdate","Due - EQ-5D [Day 30]","","","date_dmy","","","","[bad_added]!='' or [bad_due_eq5d_d30]!=''","","","","","","#sys"
"bad_due_or_eq5d_d30","bctu_admin","","checkbox","Due override - EQ-5D [Day 30]","","","","","","","[bad_added]!=''","","","","","","#sys"
"bad_due_or_dt_eq5d_d30","bctu_admin","","text","Due override date - EQ-5D [Day 30]","","","date_dmy","","","","[bad_due_or_eq5d_d30(1)]='1'","y","","","","","#sys"
"bad_enter_eq5d_d30","bctu_admin","","calctext","Entered - EQ-5D [Day 30]","","","","","","","[bad_added]!='' or [bad_enter_eq5d_d30]!=''","","","","","","#sys"
"bad_review_eq5d_d30","bctu_admin","","checkbox","Reviewed - EQ-5D [Day 30]","","","","","","","[bad_added]!=''","","","","","","#sys"
"bad_exp_qor15_d30","bctu_admin","","calctext","Expected - QoR-15 [Day 30]","","","","","","","[bad_added]!='' or [bad_exp_qor15_d30]!=''","","","","","","#sys"
"bad_exp_or_qor15_d30","bctu_admin","","dropdown","Expected override - QoR-15 [Day 30]","0, Not expected | 1, Expected | 2, Expected (WNR)","","","","","","[bad_added]!=''","","","","","","#sys"
"bad_due_qor15_d30","bctu_admin","","calcdate","Due - QoR-15 [Day 30]","","","date_dmy","","","","[bad_added]!='' or [bad_due_qor15_d30]!=''","","","","","","#sys"
"bad_due_or_qor15_d30","bctu_admin","","checkbox","Due override - QoR-15 [Day 30]","","","","","","","[bad_added]!=''","","","","","","#sys"
"bad_due_or_dt_qor15_d30","bctu_admin","","text","Due override date - QoR-15 [Day 30]","","","date_dmy","","","","[bad_due_or_qor15_d30(1)]='1'","y","","","","","#sys"
"bad_enter_qor15_d30","bctu_admin","","calctext","Entered - QoR-15 [Day 30]","","","","","","","[bad_added]!='' or [bad_enter_qor15_d30]!=''","","","","","","#sys"
"bad_review_qor15_d30","bctu_admin","","checkbox","Reviewed - QoR-15 [Day 30]","","","","","","","[bad_added]!=''","","","","","","#sys"
"bad_exp_ptsat_d30","bctu_admin","","calctext","Expected - Patient Satisfaction [Day 30]","","","","","","","[bad_added]!='' or [bad_exp_ptsat_d30]!=''","","","","","","#sys"
"bad_exp_or_ptsat_d30","bctu_admin","","dropdown","Expected override - Patient Satisfaction [Day 30]","0, Not expected | 1, Expected | 2, Expected (WNR)","","","","","","[bad_added]!=''","","","","","","#sys"
"bad_due_ptsat_d30","bctu_admin","","calcdate","Due - Patient Satisfaction [Day 30]","","","date_dmy","","","","[bad_added]!='' or [bad_due_ptsat_d30]!=''","","","","","","#sys"
"bad_due_or_ptsat_d30","bctu_admin","","checkbox","Due override - Patient Satisfaction [Day 30]","","","","","","","[bad_added]!=''","","","","","","#sys"
"bad_due_or_dt_ptsat_d30","bctu_admin","","text","Due override date - Patient Satisfaction [Day 30]","","","date_dmy","","","","[bad_due_or_ptsat_d30(1)]='1'","y","","","","","#sys"
"bad_enter_ptsat_d30","bctu_admin","","calctext","Entered - Patient Satisfaction [Day 30]","","","","","","","[bad_added]!='' or [bad_enter_ptsat_d30]!=''","","","","","","#sys"
"bad_review_ptsat_d30","bctu_admin","","checkbox","Reviewed - Patient Satisfaction [Day 30]","","","","","","","[bad_added]!=''","","","","","","#sys"
"bad_exp_hruq_d30","bctu_admin","","calctext","Expected - HRUQ [Day 30]","","","","","","","[bad_added]!='' or [bad_exp_hruq_d30]!=''","","","","","","#sys"
"bad_exp_or_hruq_d30","bctu_admin","","dropdown","Expected override - HRUQ [Day 30]","0, Not expected | 1, Expected | 2, Expected (WNR)","","","","","","[bad_added]!=''","","","","","","#sys"
"bad_due_hruq_d30","bctu_admin","","calcdate","Due - HRUQ [Day 30]","","","date_dmy","","","","[bad_added]!='' or [bad_due_hruq_d30]!=''","","","","","","#sys"
"bad_due_or_hruq_d30","bctu_admin","","checkbox","Due override - HRUQ [Day 30]","","","","","","","[bad_added]!=''","","","","","","#sys"
"bad_due_or_dt_hruq_d30","bctu_admin","","text","Due override date - HRUQ [Day 30]","","","date_dmy","","","","[bad_due_or_hruq_d30(1)]='1'","y","","","","","#sys"
"bad_enter_hruq_d30","bctu_admin","","calctext","Entered - HRUQ [Day 30]","","","","","","","[bad_added]!='' or [bad_enter_hruq_d30]!=''","","","","","","#sys"
"bad_review_hruq_d30","bctu_admin","","checkbox","Reviewed - HRUQ [Day 30]","","","","","","","[bad_added]!=''","","","","","","#sys"
"bad_exp_bi_d90","bctu_admin","","calctext","Expected - Barthel Index [Day 90]","","","","","","","[bad_added]!='' or [bad_exp_bi_d90]!=''","","","","","","#sys"
"bad_exp_or_bi_d90","bctu_admin","","dropdown","Expected override - Barthel Index [Day 90]","0, Not expected | 1, Expected | 2, Expected (WNR)","","","","","","[bad_added]!=''","","","","","","#sys"
"bad_due_bi_d90","bctu_admin","","calcdate","Due - Barthel Index [Day 90]","","","date_dmy","","","","[bad_added]!='' or [bad_due_bi_d90]!=''","","","","","","#sys"
"bad_due_or_bi_d90","bctu_admin","","checkbox","Due override - Barthel Index [Day 90]","","","","","","","[bad_added]!=''","","","","","","#sys"
"bad_due_or_dt_bi_d90","bctu_admin","","text","Due override date - Barthel Index [Day 90]","","","date_dmy","","","","[bad_due_or_bi_d90(1)]='1'","y","","","","","#sys"
"bad_enter_bi_d90","bctu_admin","","calctext","Entered - Barthel Index [Day 90]","","","","","","","[bad_added]!='' or [bad_enter_bi_d90]!=''","","","","","","#sys"
"bad_review_bi_d90","bctu_admin","","checkbox","Reviewed - Barthel Index [Day 90]","","","","","","","[bad_added]!=''","","","","","","#sys"
"bad_exp_pop_d90","bctu_admin","","calctext","Expected - Post Operation [Day 90]","","","","","","","[bad_added]!='' or [bad_exp_pop_d90]!=''","","","","","","#sys"
"bad_exp_or_pop_d90","bctu_admin","","dropdown","Expected override - Post Operation [Day 90]","0, Not expected | 1, Expected | 2, Expected (WNR)","","","","","","[bad_added]!=''","","","","","","#sys"
"bad_due_pop_d90","bctu_admin","","calcdate","Due - Post Operation [Day 90]","","","date_dmy","","","","[bad_added]!='' or [bad_due_pop_d90]!=''","","","","","","#sys"
"bad_due_or_pop_d90","bctu_admin","","checkbox","Due override - Post Operation [Day 90]","","","","","","","[bad_added]!=''","","","","","","#sys"
"bad_due_or_dt_pop_d90","bctu_admin","","text","Due override date - Post Operation [Day 90]","","","date_dmy","","","","[bad_due_or_pop_d90(1)]='1'","y","","","","","#sys"
"bad_enter_pop_d90","bctu_admin","","calctext","Entered - Post Operation [Day 90]","","","","","","","[bad_added]!='' or [bad_enter_pop_d90]!=''","","","","","","#sys"
"bad_review_pop_d90","bctu_admin","","checkbox","Reviewed - Post Operation [Day 90]","","","","","","","[bad_added]!=''","","","","","","#sys"
"bad_exp_pro_d90","bctu_admin","","calctext","Expected - PRO-diGI [Day 90]","","","","","","","[bad_added]!='' or [bad_exp_pro_d90]!=''","","","","","","#sys"
"bad_exp_or_pro_d90","bctu_admin","","dropdown","Expected override - PRO-diGI [Day 90]","0, Not expected | 1, Expected | 2, Expected (WNR)","","","","","","[bad_added]!=''","","","","","","#sys"
"bad_due_pro_d90","bctu_admin","","calcdate","Due - PRO-diGI [Day 90]","","","date_dmy","","","","[bad_added]!='' or [bad_due_pro_d90]!=''","","","","","","#sys"
"bad_due_or_pro_d90","bctu_admin","","checkbox","Due override - PRO-diGI [Day 90]","","","","","","","[bad_added]!=''","","","","","","#sys"
"bad_due_or_dt_pro_d90","bctu_admin","","text","Due override date - PRO-diGI [Day 90]","","","date_dmy","","","","[bad_due_or_pro_d90(1)]='1'","y","","","","","#sys"
"bad_enter_pro_d90","bctu_admin","","calctext","Entered - PRO-diGI [Day 90]","","","","","","","[bad_added]!='' or [bad_enter_pro_d90]!=''","","","","","","#sys"
"bad_review_pro_d90","bctu_admin","","checkbox","Reviewed - PRO-diGI [Day 90]","","","","","","","[bad_added]!=''","","","","","","#sys"
"bad_exp_eq5d_d90","bctu_admin","","calctext","Expected - EQ-5D [Day 90]","","","","","","","[bad_added]!='' or [bad_exp_eq5d_d90]!=''","","","","","","#sys"
"bad_exp_or_eq5d_d90","bctu_admin","","dropdown","Expected override - EQ-5D [Day 90]","0, Not expected | 1, Expected | 2, Expected (WNR)","","","","","","[bad_added]!=''","","","","","","#sys"
"bad_due_eq5d_d90","bctu_admin","","calcdate","Due - EQ-5D [Day 90]","","","date_dmy","","","","[bad_added]!='' or [bad_due_eq5d_d90]!=''","","","","","","#sys"
"bad_due_or_eq5d_d90","bctu_admin","","checkbox","Due override - EQ-5D [Day 90]","","","","","","","[bad_added]!=''","","","","","","#sys"
"bad_due_or_dt_eq5d_d90","bctu_admin","","text","Due override date - EQ-5D [Day 90]","","","date_dmy","","","","[bad_due_or_eq5d_d90(1)]='1'","y","","","","","#sys"
"bad_enter_eq5d_d90","bctu_admin","","calctext","Entered - EQ-5D [Day 90]","","","","","","","[bad_added]!='' or [bad_enter_eq5d_d90]!=''","","","","","","#sys"
"bad_review_eq5d_d90","bctu_admin","","checkbox","Reviewed - EQ-5D [Day 90]","","","","","","","[bad_added]!=''","","","","","","#sys"
"bad_exp_qor15_d90","bctu_admin","","calctext","Expected - QoR-15 [Day 90]","","","","","","","[bad_added]!='' or [bad_exp_qor15_d90]!=''","","","","","","#sys"
"bad_exp_or_qor15_d90","bctu_admin","","dropdown","Expected override - QoR-15 [Day 90]","0, Not expected | 1, Expected | 2, Expected (WNR)","","","","","","[bad_added]!=''","","","","","","#sys"
"bad_due_qor15_d90","bctu_admin","","calcdate","Due - QoR-15 [Day 90]","","","date_dmy","","","","[bad_added]!='' or [bad_due_qor15_d90]!=''","","","","","","#sys"
"bad_due_or_qor15_d90","bctu_admin","","checkbox","Due override - QoR-15 [Day 90]","","","","","","","[bad_added]!=''","","","","","","#sys"
"bad_due_or_dt_qor15_d90","bctu_admin","","text","Due override date - QoR-15 [Day 90]","","","date_dmy","","","","[bad_due_or_qor15_d90(1)]='1'","y","","","","","#sys"
"bad_enter_qor15_d90","bctu_admin","","calctext","Entered - QoR-15 [Day 90]","","","","","","","[bad_added]!='' or [bad_enter_qor15_d90]!=''","","","","","","#sys"
"bad_review_qor15_d90","bctu_admin","","checkbox","Reviewed - QoR-15 [Day 90]","","","","","","","[bad_added]!=''","","","","","","#sys"
"bad_exp_ptsat_d90","bctu_admin","","calctext","Expected - Patient Satisfaction [Day 90]","","","","","","","[bad_added]!='' or [bad_exp_ptsat_d90]!=''","","","","","","#sys"
"bad_exp_or_ptsat_d90","bctu_admin","","dropdown","Expected override - Patient Satisfaction [Day 90]","0, Not expected | 1, Expected | 2, Expected (WNR)","","","","","","[bad_added]!=''","","","","","","#sys"
"bad_due_ptsat_d90","bctu_admin","","calcdate","Due - Patient Satisfaction [Day 90]","","","date_dmy","","","","[bad_added]!='' or [bad_due_ptsat_d90]!=''","","","","","","#sys"
"bad_due_or_ptsat_d90","bctu_admin","","checkbox","Due override - Patient Satisfaction [Day 90]","","","","","","","[bad_added]!=''","","","","","","#sys"
"bad_due_or_dt_ptsat_d90","bctu_admin","","text","Due override date - Patient Satisfaction [Day 90]","","","date_dmy","","","","[bad_due_or_ptsat_d90(1)]='1'","","","","","","#sys"
"bad_enter_ptsat_d90","bctu_admin","","calctext","Entered - Patient Satisfaction [Day 90]","","","","","","","[bad_added]!='' or [bad_enter_ptsat_d90]!=''","","","","","","#sys"
"bad_review_ptsat_d90","bctu_admin","","checkbox","Reviewed - Patient Satisfaction [Day 90]","","","","","","","[bad_added]!=''","","","","","","#sys"
"bad_exp_hruq_d90","bctu_admin","","calctext","Expected - HRUQ [Day 90]","","","","","","","[bad_added]!='' or [bad_exp_hruq_d90]!=''","","","","","","#sys"
"bad_exp_or_hruq_d90","bctu_admin","","dropdown","Expected override - HRUQ [Day 90]","0, Not expected | 1, Expected | 2, Expected (WNR)","","","","","","[bad_added]!=''","","","","","","#sys"
"bad_due_hruq_d90","bctu_admin","","calcdate","Due - HRUQ [Day 90]","","","date_dmy","","","","[bad_added]!='' or [bad_due_hruq_d90]!=''","","","","","","#sys"
"bad_due_or_hruq_d90","bctu_admin","","checkbox","Due override - HRUQ [Day 90]","","","","","","","[bad_added]!=''","","","","","","#sys"
"bad_due_or_dt_hruq_d90","bctu_admin","","text","Due override date - HRUQ [Day 90]","","","date_dmy","","","","[bad_due_or_hruq_d90(1)]='1'","y","","","","","#sys"
"bad_enter_hruq_d90","bctu_admin","","calctext","Entered - HRUQ [Day 90]","","","","","","","[bad_added]!='' or [bad_enter_hruq_d90]!=''","","","","","","#sys"
"bad_review_hruq_d90","bctu_admin","","checkbox","Reviewed - HRUQ [Day 90]","","","","","","","[bad_added]!=''","","","","","","#sys"
"bad_qr_ttl","bctu_admin","","sql","Total Queries","","","","","","","[bad_added]!=''","","","","","","#sys"
"bad_qr_opn","bctu_admin","","sql","Open Queries","","","","","","","[bad_added]!=''","","","","","","#sys"
"bad_qr_cls","bctu_admin","","sql","Closed Queries","","","","","","","[bad_added]!=''","","","","","","#sys"
"bad_qr_opn_cls_subttl","bctu_admin","","sql","Subtotal Queries (Open & Closed)","","","","","","","[bad_added]!=''","","","","","","#sys"
"bad_qr_dvf","bctu_admin","","sql","Deverified Queries","","","","","","","[bad_added]!=''","","","","","","#sys"
"bad_qr_vfd","bctu_admin","","sql","Verified Queries","","","","","","","[bad_added]!=''","","","","","","#sys"
"bad_qr_dvf_vfd_subttl","bctu_admin","","sql","Subtotal Queries (Deverified & Verified)","","","","","","","[bad_added]!=''","","","","","","#sys"
"bad_qr_f_ttl","bctu_admin","","sql","Total Field Queries","","","","","","","[bad_added]!=''","","","","","","#sys"
"bad_qr_f_opn","bctu_admin","","sql","Open Field Queries","","","","","","","[bad_added]!=''","","","","","","#sys"
"bad_qr_f_cls","bctu_admin","","sql","Closed Field Queries","","","","","","","[bad_added]!=''","","","","","","#sys"
"bad_qr_f_opn_cls_subttl","bctu_admin","","sql","Subtotal Field Queries (Open & Closed)","","","","","","","[bad_added]!=''","","","","","","#sys"
"bad_qr_f_dvf","bctu_admin","","sql","Deverified Field Queries","","","","","","","[bad_added]!=''","","","","","","#sys"
"bad_qr_f_vfd","bctu_admin","","sql","Verified Field Queries","","","","","","","[bad_added]!=''","","","","","","#sys"
"bad_qr_f_dvf_vfd_subttl","bctu_admin","","sql","Subtotal Field Queries (Deverified & Verified)","","","","","","","[bad_added]!=''","","","","","","#sys"
"bad_qr_d_ttl","bctu_admin","","sql","Total DQR Queries","","","","","","","[bad_added]!=''","","","","","","#sys"
"bad_qr_d_opn","bctu_admin","","sql","Open DQR Queries","","","","","","","[bad_added]!=''","","","","","","#sys"
"bad_qr_d_cls","bctu_admin","","sql","Closed DQR Queries","","","","","","","[bad_added]!=''","","","","","","#sys"
"bad_qr_d_cls_opn_subttl","bctu_admin","","sql","Subtotal DQR Queries (Open & Closed)","","","","","","","[bad_added]!=''","","","","","","#sys"
"bad_qr_d_dvf","bctu_admin","","sql","Deverified DQR Queries","","","","","","","[bad_added]!=''","","","","","","#sys"
"bad_qr_d_vfd","bctu_admin","","sql","Verified DQR Queries","","","","","","","[bad_added]!=''","","","","","","#sys"
"bad_qr_d_dvf_vfd_subttl","bctu_admin","","sql","Subtotal DQR Queries (Deverified & Verified)","","","","","","","[bad_added]!=''","","","","","","#sys"
"bad_emb_fm1","bctu_admin","","descriptive","HIDDEN","","[bad_exp_cae:field-label] {bad_exp_cae:icons}","","","","","","","","","","","#emb"
"bctu_admin_complete","bctu_admin","","dropdown","Complete?","0, Incomplete | 1, Unverified | 2, Complete","","","","","","","","","","","",""
"base_version","baseline_data","","dropdown","FORMAP Form Version","0, Dev | 1, 1.0","","","","","","[base_version]!=''","","","","","","#sys"
"base_stdhr","baseline_data","","descriptive","Participant Trial Number [first-event-name][record_id] Participating site [record-dag-label]","","","","","","","","","","","","","#inf"
"base_form_title","baseline_data","","descriptive","Baseline Data Form v[base_version]","","","","","","","","","","","","","#inf"
"base_assessment_dt","baseline_data","","text","Date of Assessment:","","Participant Demographics","date_dmy","[cae_consent_rec_dt]","today","","[base_version]!=''","y","","","","","#cdi | // Min: Date [cae_term3] was received, Max: today \\"
"base_sex","baseline_data","","dropdown","What is the participant's biological sex (registered at birth)?","1, Male | 2, Female","","","","","","[base_version]!=''","y","","","","","#cdi"
"base_ethnic_gp","baseline_data","","dropdown","What is the participant's ethnic group?","1, Asian or Asian British - Indian | 2, Asian or Asian British - Pakistani | 3, Asian or Asian British - Bangladeshi | 4, Asian or Asian British - Chinese | 5, Asian or Asian British - Any other Asian background | 6, Black, Black British, Caribbean or African - Caribbean | 7, Black, Black British, Caribbean or African - African | 8, Black, Black British, Caribbean or African - Any other Black, Black British, or Caribbean background | 9, Mixed or multiple ethnic groups - White and Black Caribbean | 10, Mixed or multiple ethnic groups - White and Black African | 11, Mixed or multiple ethnic groups - White and Asian | 12, Mixed or multiple ethnic groups - Any other Mixed or multiple ethnic background | 13, White - English, Welsh, Scottish, Northern Irish or British | 14, White - Irish | 15, White - Gypsy or Irish Traveller | 16, White - Roma | 17, White - Any other White background | 18, Other ethnic group - Arab | 19, Other ethnic group - Any other ethnic group","","","","","","[base_version]!=''","y","","","","","#cdi"
"base_ethnic_gp_oth","baseline_data","","text","Please specify the participant's ethnic group:","","","","","","","[base_ethnic_gp]='5' OR [base_ethnic_gp]='8' OR [base_ethnic_gp]='12' OR [base_ethnic_gp]='17' OR [base_ethnic_gp]='19'","y","","","","","#cdi"
"base_residence","baseline_data","","dropdown","Prior to admission, what was the participant's place of residence?","1, Own home | 2, Rehabilitation | 3, Residential home | 4, Nursing home","Hospital Admission","","","","","[base_version]!=''","y","","","","","#cdi"
"base_admission_dttm","baseline_data","","text","Date and time of admission to hospital:","","","datetime_dmy","[cae_consent_rec_dttm_min7d]","[cae_consent_rec_dttm]","","[base_version]!=''","y","","","","","#cdi | // Min: Date and time [cae_term3] was received - 7 days, Max: Date and time [cae_term3] was received: \\"
"base_first_seen_dttm","baseline_data","","text","Date and time first seen by surgeon:","","Medical History","datetime_dmy","[base_admission_dttm]","[cae_consent_rec_dttm]","","[base_version]!=''","y","","","","","#cdi | // Min: Date and time of admission to hospital:, Max: Date and time [cae_term3] was received: \\"
"base_frailty","baseline_data","","dropdown","What is the participant's clinical frailty score?","1, 1. Very Fit | 2, 2. Well | 3, 3. Managing Well | 4, 4. Vulnerable | 5, 5. Mildly Frail | 6, 6. Moderately Frail | 7, 7. Severely Frail | 8, 8. Very Severely Frail | 9, 9. Terminally Ill","","","","","","[base_version]!=''","y","","","","","#cdi"
"base_1_sbhd","baseline_data","","descriptive","Revised cardiac risk index for pre-operative risk","","","","","","","","","","","","","#inf"
"base_heart_disease","baseline_data","","radio","Does the participant have a history of ischemic heart disease?","1, Yes | 0, No","","","","","","[base_version]!=''","y","RH","","","","#cdi"
"base_heart_failure","baseline_data","","radio","Does the participant have a history of congestive heart failure?","1, Yes | 0, No","","","","","","[base_version]!=''","y","RH","","","","#cdi"
"base_cv_disease","baseline_data","","radio","Does the participant have a history of cerebrovascular disease?","1, Yes | 0, No","","","","","","[base_version]!=''","y","RH","","","","#cdi"
"base_preop_insulin","baseline_data","","radio","Has the participant had pre-operative treatment with insulin?","1, Yes | 0, No","","","","","","[base_version]!=''","y","RH","","","","#cdi"
"base_preop_creatinine","baseline_data","","radio","Has the participant had pre-operative creatinine >2 mg/dL OR >176.8 µmol/L?","1, Yes | 0, No","Diagnosis","","","","","[base_version]!=''","y","RH","","","","#cdi"
"base_dx_i","baseline_data","","descriptive","Has the participant had any of the following diagnoses?","","","","","","","","","","","","","#cdi"
"base_dx_peritonitis_yn","baseline_data","","radio","Peritonitis","1, Yes | 0, No","","","","","","[base_version]!=''","y","RH","","","","#cdi"
"base_dx_peritonitis_dur","baseline_data","","text","Duration of peritonitis symptoms:","","","integer","1","30","","[base_dx_peritonitis_yn]='1'","y","","","","","#cdi"
"base_dx_perforation_yn","baseline_data","","radio","Perforation","1, Yes | 0, No","","","","","","[base_version]!=''","y","RH","","","","#cdi"
"base_dx_perforation_dur","baseline_data","","text","Duration of perforation symptoms:","","","integer","1","30","","[base_dx_perforation_yn]='1'","y","","","","","#cdi"
"base_dx_abscess_yn","baseline_data","","radio","Abdominal abscess","1, Yes | 0, No","","","","","","[base_version]!=''","y","RH","","","","#cdi"
"base_dx_abscess_dur","baseline_data","","text","Duration of abdominal abscess symptoms:","","","integer","1","30","","[base_dx_abscess_yn]='1'","y","","","","","#cdi"
"base_dx_anast_leak_yn","baseline_data","","radio","Anastomotic leak","1, Yes | 0, No","","","","","","[base_version]!=''","y","RH","","","","#cdi"
"base_dx_anast_leak_dur","baseline_data","","text","Duration of anastomotic leak symptoms:","","","integer","1","30","","[base_dx_anast_leak_yn]='1'","y","","","","","#cdi"
"base_dx_fistula_yn","baseline_data","","radio","Intestinal fistula phlegmon","1, Yes | 0, No","","","","","","[base_version]!=''","y","RH","","","","#cdi"
"base_dx_fistula_dur","baseline_data","","text","Duration of intestinal fistula phlegmon symptoms:","","","integer","1","30","","[base_dx_fistula_yn]='1'","y","","","","","#cdi"
"base_dx_pneumoperit_yn","baseline_data","","radio","Pneumoperitoneum","1, Yes | 0, No","","","","","","[base_version]!=''","y","RH","","","","#cdi"
"base_dx_pneumoperit_dur","baseline_data","","text","Duration of pneumoperitoneum symptoms:","","","integer","1","30","","[base_dx_pneumoperit_yn]='1'","y","","","","","#cdi"
"base_dx_necrosis_yn","baseline_data","","radio","Necrosis","1, Yes | 0, No","","","","","","[base_version]!=''","y","RH","","","","#cdi"
"base_dx_necrosis_dur","baseline_data","","text","Duration of necrosis symptoms:","","","integer","1","30","","[base_dx_necrosis_yn]='1'","y","","","","","#cdi"
"base_dx_sepsis_yn","baseline_data","","radio","Sepsis","1, Yes | 0, No","","","","","","[base_version]!=''","y","RH","","","","#cdi"
"base_dx_sepsis_dur","baseline_data","","text","Duration of sepsis symptoms:","","","integer","1","30","","[base_dx_sepsis_yn]='1'","y","","","","","#cdi"
"base_dx_sb_obstruct_yn","baseline_data","","radio","Small bowel obstruction","1, Yes | 0, No","","","","","","[base_version]!=''","y","RH","","","","#cdi"
"base_dx_sb_obstruct_dur","baseline_data","","text","Duration of small bowel obstruction symptoms:","","","integer","1","30","","[base_dx_sb_obstruct_yn]='1'","y","","","","","#cdi"
"base_dx_lb_obstruct_yn","baseline_data","","radio","Large bowel obstruction","1, Yes | 0, No","","","","","","[base_version]!=''","y","RH","","","","#cdi"
"base_dx_lb_obstruct_dur","baseline_data","","text","Duration of large bowel obstruction symptoms:","","","integer","1","30","","[base_dx_lb_obstruct_yn]='1'","y","","","","","#cdi"
"base_dx_volvulus_yn","baseline_data","","radio","Volvulus","1, Yes | 0, No","","","","","","[base_version]!=''","y","RH","","","","#cdi"
"base_dx_volvulus_dur","baseline_data","","text","Duration of volvulus symptoms:","","","integer","1","30","","[base_dx_volvulus_yn]='1'","y","","","","","#cdi"
"base_dx_hernia_intern_yn","baseline_data","","radio","Internal hernia","1, Yes | 0, No","","","","","","[base_version]!=''","y","RH","","","","#cdi"
"base_dx_hernia_intern_dur","baseline_data","","text","Duration of internal hernia symptoms:","","","integer","1","30","","[base_dx_hernia_intern_yn]='1'","y","","","","","#cdi"
"base_dx_pseud_obstruct_yn","baseline_data","","radio","Pseudo-obstruction","1, Yes | 0, No","","","","","","[base_version]!=''","y","RH","","","","#cdi"
"base_dx_pseud_obstruct_dur","baseline_data","","text","Duration of pseudo-obstruction symptoms:","","","integer","1","30","","[base_dx_pseud_obstruct_yn]='1'","y","","","","","#cdi"
"base_dx_intussuscep_yn","baseline_data","","radio","Intussusception","1, Yes | 0, No","","","","","","[base_version]!=''","y","RH","","","","#cdi"
"base_dx_intussuscep_dur","baseline_data","","text","Duration of intussusception symptoms:","","","integer","1","30","","[base_dx_intussuscep_yn]='1'","y","","","","","#cdi"
"base_dx_hernia_incarc_yn","baseline_data","","radio","Incarcerated hernia","1, Yes | 0, No","","","","","","[base_version]!=''","y","RH","","","","#cdi"
"base_dx_hernia_incarc_dur","baseline_data","","text","Duration of Incarcerated hernia symptoms:","","","integer","1","30","","[base_dx_hernia_incarc_yn]='1'","y","","","","","#cdi"
"base_dx_hernia_incis_yn","baseline_data","","radio","Obstructing incisional hernia","1, Yes | 0, No","","","","","","[base_version]!=''","y","RH","","","","#cdi"
"base_dx_hernia_incis_dur","baseline_data","","text","Duration of obstructing incisional hernia symptoms:","","","integer","1","30","","[base_dx_hernia_incis_yn]='1'","y","","","","","#cdi"
"base_dx_haemorrhage_yn","baseline_data","","radio","Haemorrhage","1, Yes | 0, No","","","","","","[base_version]!=''","y","RH","","","","#cdi"
"base_dx_haemorrhage_dur","baseline_data","","text","Duration of haemorrhage symptoms:","","","integer","1","30","","[base_dx_haemorrhage_yn]='1'","y","","","","","#cdi"
"base_dx_isch_colitis_yn","baseline_data","","radio","Ischaemia Colitis","1, Yes | 0, No","","","","","","[base_version]!=''","y","RH","","","","#cdi"
"base_dx_isch_colitis_dur","baseline_data","","text","Duration of ischaemia colitis symptoms:","","","integer","1","30","","[base_dx_isch_colitis_yn]='1'","y","","","","","#cdi"
"base_dx_iatrogenic_yn","baseline_data","","radio","Iatrogenic injury","1, Yes | 0, No","","","","","","[base_version]!=''","y","RH","","","","#cdi"
"base_dx_iatrogenic_dur","baseline_data","","text","Duration of iatrogenic injury symptoms:","","","integer","1","30","","[base_dx_iatrogenic_yn]='1'","y","","","","","#cdi"
"base_dx_foreign_body_yn","baseline_data","","radio","Foreign body","1, Yes | 0, No","","","","","","[base_version]!=''","y","RH","","","","#cdi"
"base_dx_foreign_body_dur","baseline_data","","text","Duration of foreign body symptoms:","","","integer","1","30","","[base_dx_foreign_body_yn]='1'","y","","","","","#cdi"
"base_2_sbhd","baseline_data","","descriptive","Pre-operative CT","","","","","","","","","","","","","#inf"
"base_preop_ct_yn","baseline_data","","radio","Was a pre-operative CT performed?","1, Yes | 0, No","","","","","","[base_version]!=''","y","RH","","","","#cdi"
"base_preop_ct_dttm","baseline_data","","text","Date and time of pre-operative CT:","","Baseline sample measurements","datetime_dmy","[cae_consent_rec_dttm_min7d]","[cae_consent_rec_dttm]","","[base_preop_ct_yn]='1'","y","","","","","#cdi | // Min: Date and time [cae_term3] was received - 7 days, Max: Date and time [cae_term3] was received: \\"
"base_1_i","baseline_data","","descriptive","Please use the MOST RECENT pre-operative samples.","","","","","","","","","","","","","#inf"
"base_crp_yn","baseline_data","","radio","Most recent pre-operative C-Reactive Protein result available?","1, Yes | 0, No","","","","","","[base_version]!=''","y","RH","","","","#cdi"
"base_crp_dt","baseline_data","","text","Date blood sample taken for C-reactive Protein analysis:","","","date_dmy","[cae_consent_rec_dt_min7d]","[cae_consent_rec_dt]","","[base_crp_yn]='1'","y","","","","","#cdi | // Min: Date [cae_term3] was received - 7 days, Max: Date [cae_term3] was received \\"
"base_crp","baseline_data","","text","C-Reactive Protein: If value below detection threshold, enter as 0","","","integer","0","500","","[base_crp_yn]='1'","y","","","","","#cdi"
"base_wcc_yn","baseline_data","","radio","Most recent pre-operative White Cell Count result available?","1, Yes | 0, No","","","","","","[base_version]!=''","y","RH","","","","#cdi"
"base_wcc_dt","baseline_data","","text","Date blood sample taken for White Cell Count analysis:","","","date_dmy","[cae_consent_rec_dt_min7d]","[cae_consent_rec_dt]","","[base_wcc_yn]='1'","y","","","","","#cdi | // Min: Date [cae_term3] was received - 7 days, Max: Date [cae_term3] was received \\"
"base_wcc","baseline_data","","text","White Cell Count:","","","number","0","50","","[base_wcc_yn]='1'","y","","","","","#cdi"
"base_hb_yn","baseline_data","","radio","Most recent pre-operative Haemoglobin result available?","1, Yes | 0, No","","","","","","[base_version]!=''","y","RH","","","","#cdi"
"base_hb_dt","baseline_data","","text","Date blood sample taken for Haemoglobin analysis:","","","date_dmy","[cae_consent_rec_dt_min7d]","[cae_consent_rec_dt]","","[base_hb_yn]='1'","y","","","","","#cdi | // Min: Date [cae_term3] was received - 7 days, Max: Date [cae_term3] was received \\"
"base_hb","baseline_data","","text","Haemoglobin result:","","","number","0","200","","[base_hb_yn]='1'","y","","","","","#cdi"
"base_albumin_yn","baseline_data","","radio","Most recent pre-operative Albumin result available?","1, Yes | 0, No","","","","","","[base_version]!=''","y","RH","","","","#cdi"
"base_albumin_dt","baseline_data","","text","Date blood sample taken for Albumin analysis:","","","date_dmy","[cae_consent_rec_dt_min7d]","[cae_consent_rec_dt]","","[base_albumin_yn]='1'","y","","","","","#cdi | // Min: Date [cae_term3] was received - 7 days, Max: Date [cae_term3] was received \\"
"base_albumin","baseline_data","","text","Albumin:","","","integer","0","200","","[base_albumin_yn]='1'","y","","","","","#cdi"
"base_urea_yn","baseline_data","","radio","Most recent pre-operative Urea result available?","1, Yes | 0, No","","","","","","[base_version]!=''","y","RH","","","","#cdi"
"base_urea_dt","baseline_data","","text","Date blood sample taken for Urea analysis:","","","date_dmy","[cae_consent_rec_dt_min7d]","[cae_consent_rec_dt]","","[base_urea_yn]='1'","y","","","","","#cdi | // Min: Date [cae_term3] was received - 7 days, Max: Date [cae_term3] was received \\"
"base_urea","baseline_data","","text","Urea:","","Acute Kidney Injury (AKI)","number","0","30","","[base_urea_yn]='1'","y","","","","","#cdi"
"base_aki","baseline_data","","dropdown","Acute Kidney Injury present at time of surgery?","0, No | 1, Stage 1 | 2, Stage 2 | 3, Stage 3","National Emergency Laparotomy Audit (NELA) Risk score","","","","","[base_version]!=''","y","","","","","#cdi"
"base_nela_score_mort","baseline_data","","text","NELA Risk score for mortality:","","","integer","0","100","","[base_version]!=''","y","","","","","#cdi"
"base_nela_score_morb","baseline_data","","text","NELA Risk score for morbidity:","","","integer","0","100","","[base_version]!=''","y","","","","","#cdi"
"base_2_i","baseline_data","","descriptive","All questions need to be answered. Please check all questions have been answered and provide any missing responses.","","Form completion details","","","","","","","","","","","#inf"
"base_completed_by","baseline_data","","sql","Form completed by:","","","","","","","[base_version]!=''","y","","","","","#cdi"
"base_completed_dt","baseline_data","","text","Date from completed:","","","date_dmy","[cae_consent_rec_dt]","today","","[base_version]!=''","y","","","","","#cdi | // Min: Date [cae_term3] was received, Max: today \\"
"base_stdfooter","baseline_data","","descriptive","Created by [base_created_by] on [base_created_dt] at [base_created_tm]","","","","","","","","","","","","","#adm"
"base_created_by","baseline_data","","text","Form created by","","","","","","","[base_version]!=''","","","","","","#sys"
"base_created_dt","baseline_data","","text","Form created date","","","date_dmy","","","","[base_version]!=''","","","","","","#sys"
"base_created_tm","baseline_data","","text","Form created time","","Form Status","time","","","","[base_version]!=''","","","","","","#sys"
"baseline_data_complete","baseline_data","","dropdown","Complete?","0, Incomplete | 1, Unverified | 2, Complete","","","","","","","","","","","",""
"nut_b_version","baseline_nutrition","","dropdown","FORMAP Form Version","0, Dev | 1, 1.0","","","","","","[nut_b_version]!=''","","","","","","#sys"
"nut_b_stdhr","baseline_nutrition","","descriptive","Participant Trial Number [first-event-name][record_id] Participating site [record-dag-label]","","","","","","","","","","","","","#inf"
"nut_b_form_title","baseline_nutrition","","descriptive","Baseline Nutrition Form v[nut_b_version]","","","","","","","","","","","","","#inf"
"nut_b_assessment_dt","baseline_nutrition","","text","Date of Assessment:","","","date_dmy","[cae_consent_rec_dt]","today","","[nut_b_version]!=''","y","","","","","#cdi | // Min: Date [cae_term3] was received, Max: today \\"
"nut_b_1_i","baseline_nutrition","","descriptive","All fields on this form must be completed.","","The system will not allow randomisation until all required data, including minimisation variables, has been entered.","","","","","","","","","","","#inf"
"nut_b_2_i","baseline_nutrition","","descriptive","All questions in this section need to be answered before randomisation is possible.","","","","","","","","","","","","","#inf"
"nut_b_height_reported","baseline_nutrition","","dropdown","Height reported in:","1, Meters | 2, Feet & Inches","","","","","","[nut_b_version]!=''","y","","","","","#cdi"
"nut_b_height_m","baseline_nutrition","","text","Height (in meters):","","","number","1.1","2.3","","[nut_b_height_reported]='1'","y","","","","","#cdi"
"nut_b_height_ft","baseline_nutrition","","text","Height (in ft & In): Feet","","","integer","4","7","","[nut_b_height_reported]='2'","y","","","","","#cdi"
"nut_b_height_in","baseline_nutrition","","text","Height (in ft & In): Inches","","","integer","0","11","","[nut_b_height_reported]='2'","y","","","","","#cdi"
"nut_b_weight_reported","baseline_nutrition","","dropdown","Weight reported in:","1, Kilograms | 2, Stones & Pounds","","","","","","[nut_b_version]!=''","y","","","","","#cdi"
"nut_b_weight_kg","baseline_nutrition","","text","Weight (in kgs):","","","number","30","180","","[nut_b_weight_reported]='1'","y","","","","","#cdi"
"nut_b_weight_st","baseline_nutrition","","text","Weight (in st and lb): Stone","","","integer","5","28","","[nut_b_weight_reported]='2'","y","","","","","#cdi"
"nut_b_weight_lb","baseline_nutrition","","text","Weight (in st and lb): Pounds","","","integer","0","13","","[nut_b_weight_reported]='2'","y","","","","","#cdi"
"nut_b_recorded_dt","baseline_nutrition","","text","Date height and weight recorded:","","","date_dmy","[cae_consent_rec_dt]","today","","[nut_b_version]!=''","y","","","","","#cdi | // Min: Date [cae_term3] was received, Max: today \\"
"nut_b_bmi_calc","baseline_nutrition","","calc","Body Mass Index (BMI):","","Malnutrition Universal Screening Tool (MUST) Score","","","","","[nut_b_version]!=''","y","","","","","#cdi"
"nut_b_must_score","baseline_nutrition","","dropdown","Most recent documented MUST score taken from patient notes:","1, 0 (Low risk) | 2, 1 (Medium risk) | 3, ≥2 (High risk)","Nutrition Risk Screening 2002 (NRS-2002)","","","","","[nut_b_version]!=''","y","","","","","#cdi"
"nut_b_1_sbhd","baseline_nutrition","","descriptive","All questions in this section need to be answered before randomisation is possible.Initial Screening:","","","","","","","","","","","","","#inf"
"nut_b_nrs_bmi","baseline_nutrition","","calctext","BMI < 20.5 kg/m2","","","","","","","[nut_b_version]!=''","y","","","","","#cdi"
"nut_b_nrs_weight_loss","baseline_nutrition","","radio","Weight loss within 3 months","1, Yes | 0, No","","","","","","[nut_b_version]!=''","y","RH","","","","#cdi"
"nut_b_nrs_reduced_intake","baseline_nutrition","","radio","Reduced dietary intake in the last week","1, Yes | 0, No","","","","","","[nut_b_version]!=''","y","RH","","","","#cdi"
"nut_b_nrs_icu","baseline_nutrition","","radio","ICU patient","1, Yes | 0, No","","","","","","[nut_b_version]!=''","y","RH","","","","#cdi"
"nut_b_2_sbhd","baseline_nutrition","","descriptive","Final Screening:","","","","","","","[nut_b_nrs_bmi]='Yes' OR [nut_b_nrs_weight_loss]='1' OR [nut_b_nrs_reduced_intake]='1' OR [nut_b_nrs_icu]='1'","","","","","","#inf"
"nut_b_nrs_impairment","baseline_nutrition","","dropdown","Nutritional impairment:","0, 0 None | 1, +1 Mild: weight loss >5% in 3 months or food intake <50-75% of normal in the past week | 2, +2 Moderate: weight loss >5% in 2 months or BMI 18.5-20.5 plus impaired general condition or food intake 25-60% of normal in past week | 3, +3 Severe: weight loss >5% in 1 month (>15% in 3 months) or BMI <18.5 plus impaired general condition or food intake 0-25% of normal in past week","","","","","","[nut_b_nrs_bmi]='Yes' OR [nut_b_nrs_weight_loss]='1' OR [nut_b_nrs_reduced_intake]='1' OR [nut_b_nrs_icu]='1'","y","","","","","#cdi"
"nut_b_nrs_severity","baseline_nutrition","","dropdown","Severity of disease:","0, 0 Normal nutritional requirement | 1, +1 Hip fracture, chronic illness (may have acute complications, e.g. cirrhosis or COPD), chronic dialysis, diabetes, cancer | 2, +2 Major abdominal surgery, stroke, severe pneumonia, hematologic malignancy | 3, +3 Head injury, bone marrow transplant, ICU patient with APACHE >10","","","","","","[nut_b_nrs_bmi]='Yes' OR [nut_b_nrs_weight_loss]='1' OR [nut_b_nrs_reduced_intake]='1' OR [nut_b_nrs_icu]='1'","y","","","","","#cdi"
"nut_b_nrs_age","baseline_nutrition","","calctext","Age:","","","","","","","[nut_b_nrs_bmi]='Yes' OR [nut_b_nrs_weight_loss]='1' OR [nut_b_nrs_reduced_intake]='1' OR [nut_b_nrs_icu]='1'","y","","","","","#cdi"
"nut_b_nrs_points","baseline_nutrition","","calc","Nutrition Risk Screening Score (NRS-2002) Points:","","","","","","","[nut_b_version]!=''","y","","","","","#cdi"
"nut_b_nrs_group","baseline_nutrition","","calctext","Nutrition Risk Screening (NRS-2002) Group:","","Form completion details","","","","","[nut_b_version]!=''","y","","","","","#cdi"
"nut_b_completed_by","baseline_nutrition","","sql","Form completed by:","","","","","","","[nut_b_version]!=''","y","","","","","#cdi"
"nut_b_completed_dt","baseline_nutrition","","text","Date from completed:","","","date_dmy","","","","[nut_b_version]!=''","y","","","","","#cdi"
"nut_b_stdfooter","baseline_nutrition","","descriptive","Created by [nut_b_created_by] on [nut_b_created_dt] at [nut_b_created_tm]","","","","","","","","","","","","","#adm"
"nut_b_created_by","baseline_nutrition","","text","Form created by","","","","","","","[nut_b_version]!=''","","","","","","#sys"
"nut_b_created_dt","baseline_nutrition","","text","Form created date","","","date_dmy","","","","[nut_b_version]!=''","","","","","","#sys"
"nut_b_created_tm","baseline_nutrition","","text","Form created time","","Form Status","time","","","","[nut_b_version]!=''","","","","","","#sys"
"baseline_nutrition_complete","baseline_nutrition","","dropdown","Complete?","0, Incomplete | 1, Unverified | 2, Complete","","","","","","","","","","","",""
"cntct_version","contact_details","","dropdown","FORMAP Form Version","0, Dev | 1, 1.0","","","","","","[cntct_version]!=''","","","","","","#sys"
"cntct_stdhr","contact_details","","descriptive","Participant Trial Number [first-event-name][record_id] Participating site [record-dag-label]","","","","","","","","","","","","","#inf"
"cntct_form_title","contact_details","","descriptive","Contact Details Form v[cntct_version]","","","","","","","","","","","","","#inf"
"cntct_1_i","contact_details","","descriptive","Please provide the participant's contact details below and preferred method of contact","","Personal details","","","","","","","","","","","#inf"
"cntct_title","contact_details","","dropdown","Participants title:","1, Mr | 2, Mrs | 3, Miss | 4, Ms | 99, Other","","","","","y","[cntct_version]!=''","y","","","","","#cdi"
"cntct_title_oth","contact_details","","text","Please specify title:","","","","","","y","[cntct_title]='99'","y","","","","","#cdi"
"cntct_first_name","contact_details","","text","First Name:","","","","","","y","[cntct_version]!=''","y","","","","","#cdi"
"cntct_middle_name","contact_details","","text","Middle Name:","","","","","","y","[cntct_version]!=''","y","","","","","#cdi"
"cntct_last_name","contact_details","","text","Last Name:","","Contact details","","","","y","[cntct_version]!=''","y","","","","","#cdi"
"cntct_1_sbhd","contact_details","","descriptive","Postal Adress","","","","","","","","","","","","","#inf"
"cntct_house_flat","contact_details","","text","House/flat number/name:","","","","","","y","[cntct_version]!=''","y","","","","","#cdi"
"cntct_street_road","contact_details","","text","Street/Road:","","","","","","y","[cntct_version]!=''","y","","","","","#cdi"
"cntct_town_city","contact_details","","text","Town/City:","","","","","","y","[cntct_version]!=''","y","","","","","#cdi"
"cntct_postcode","contact_details","","text","Postcode:","","","postalcode_uk","","","y","[cntct_version]!=''","y","","","","","#cdi"
"cntct_2_sbhd","contact_details","","descriptive","Contact Number","","","","","","","","","","","","","#inf"
"cntct_home_num","contact_details","","text","Home Phone Number:","","","phone_uk","","","y","[cntct_version]!=''","y","","","","","#cdi"
"cntct_mobile_num","contact_details","","text","Mobile Number:","","","phone_uk","","","y","[cntct_version]!=''","y","","","","","#cdi"
"cntct_mobile_num_conf","contact_details","","text","Confirm Mobile Number:","","","phone_uk","","","y","[cntct_mobile_num]!='' AND left([cntct_mobile_num],2)='07' AND length([cntct_mobile_num])>=11","y","","","","","#cdi"
"cntct_mobile_07_i","contact_details","","descriptive","UK mobile number must start '07'","","","","","","","left([cntct_mobile_num],2)!='07' AND length([cntct_mobile_num])>='2' AND ismissingcode([cntct_mobile_num]) = '0'","","","","","","#inf"
"cntct_mobile_check","contact_details","","calc","Check mobile number matches:","","","","","","","[cntct_mobile_num_conf]!=''","","","","","","#sys"
"cntct_mobile_check_i","contact_details","","descriptive","Mobile number entries do not match","","","","","","","[cntct_mobile_check]='0'","","","","","","#inf"
"cntct_3_sbhd","contact_details","","descriptive","Email address","","","","","","","","","","","","","#inf"
"cntct_email","contact_details","","text","Email:","","","email","","","y","[cntct_version]!=''","y","","","","","#cdi"
"cntct_email_conf","contact_details","","text","Confirm Email:","","","email","","","y","[cntct_email]!='' AND find(""@"", [cntct_email])>='1' AND find(""."", [cntct_email])>='1'","y","","","","","#cdi"
"cntct_email_check","contact_details","","calc","Check email matches:","","","","","","","[cntct_email_conf]!=''","","","","","","#sys"
"cntct_email_check_i","contact_details","","descriptive","Email address entries do not match","","Preferred method of contact","","","","","[cntct_email_check]='0'","","","","","","#inf"
"cntct_4_sbhd","contact_details","","descriptive","General contactThe participant's preferred method of contact will always be used as the primary approach. However, if contact attempts via the preferred method are unsuccessful, alternative methods may be used to ensure timely communication and follow-up.","","Please ensure this is explained to the participant","","","","","","","","","","","#inf"
"cntct_preference","contact_details","","dropdown","What is the participant's preferred method of contact?","1, Home phone number | 2, Email | 3, Mobile | 4, Postal address","","","","","","[cntct_version]!=''","y","","","","","#cdi"
"cntct_5_sbhd","contact_details","","descriptive","Preferences for questionnaire completion","","","","","","","","","","","","","#inf"
"cntct_questionnaires_pref","contact_details","","dropdown","What is the participant's main preference for completing questionnaires?","1, Online survey with links sent via email | 2, Online survey with links sent via SMS text message | 3, Call from researcher | 4, Hard copies sent in the post direct to participant | 5, Complete at outpatient appointments with researcher | 6, Complete at outpatient appointments independently","","","","","","[cntct_version]!=''","y","","","","","#cdi"
"cntct_details_check_i","contact_details","","descriptive","The relevant contact details have not be provided above.","","","","","","","([cntct_questionnaires_pref]='1' AND [cntct_email_check]!='1') OR ([cntct_questionnaires_pref]='2' AND [cntct_mobile_check]!='1')","","","","","","#inf"
"cntct_2_i","contact_details","","descriptive","Preferred method of questionnaire completion will be used initially. If contact via this method is unsuccessful, alternative methods may be used to ensure timely completion.","","Please ensure this is clearly explained to the participant.","","","","","","","","","","","#inf"
"cntct_addtional_pref_i","contact_details","","descriptive","Indicate the methods the participant is willing to be contacted in addition to their preferred method.","","Please provide a response to each of the questions below","","","","","[cntct_version]!=''","","","","","","#inf"
"cntct_email_yn","contact_details","","radio","Online survey with links sent via email","1, Yes | 0, No","","","","","","[cntct_version]!=''","y","RH","","","","#cdi"
"cntct_sms_yn","contact_details","","radio","Online survey with links sent via SMS text message","1, Yes | 0, No","","","","","","[cntct_version]!=''","y","RH","","","","#cdi"
"cntct_call_yn","contact_details","","radio","Call from reseacher","1, Yes | 0, No","","","","","","[cntct_version]!=''","y","RH","","","","#cdi"
"cntct_post_yn","contact_details","","radio","Hard copies sent in the post direct to participant","1, Yes | 0, No","","","","","","[cntct_version]!=''","y","RH","","","","#cdi"
"cntct_appt_researcher_yn","contact_details","","radio","Complete at outpatient appointments with researcher","1, Yes | 0, No","","","","","","[cntct_version]!=''","y","RH","","","","#cdi"
"cntct_appt_independ_yn","contact_details","","radio","Complete at outpatient appointments independently","1, Yes | 0, No","Form completion details","","","","","[cntct_version]!=''","y","RH","","","","#cdi"
"cntct_completed_by","contact_details","","sql","Form completed by:","","","","","","","[cntct_version]!=''","y","","","","","#cdi"
"cntct_completed_dt","contact_details","","text","Date form completed:","","","date_dmy","[rand_dt]","today","","[cntct_version]!=''","y","","","","","#cdi | // Min: Randomisation date, Max: today \\"
"cntct_stdfooter","contact_details","","descriptive","Created by [cntct_created_by] on [cntct_created_dt] at [cntct_created_tm]","","","","","","","","","","","","","#adm"
"cntct_created_by","contact_details","","text","Form created by","","","","","","","[cntct_version]!=''","","","","","","#sys"
"cntct_created_dt","contact_details","","text","Form created date","","","date_dmy","","","","[cntct_version]!=''","","","","","","#sys"
"cntct_created_tm","contact_details","","text","Form created time","","Form Status","time","","","","[cntct_version]!=''","","","","","","#sys"
"contact_details_complete","contact_details","","dropdown","Complete?","0, Incomplete | 1, Unverified | 2, Complete","","","","","","","","","","","",""
"rand_warning_active","randomisation","","descriptive","Your DAG (Site) is NOT allowed to recruit participants so you cannot randomise.","","Contact the Trial Team.","","","","","[rand_site_check] = ""2"" and [rand_allocation]=''","","","","","","#inf"
"rand_site_check","randomisation","","sql","Check site status","","(Blank=Not site record, 0=Missing data, 1=Data present and recruiting 2=Data present but NOT recruiting)","","","","","[rand_version]!=''","","","","","","#sys"
"rand_version","randomisation","","dropdown","FORMAP Form Version","0, Dev | 1, 1.0","","","","","","[rand_version]!=''","","","","","","#sys"
"rand_stdhr","randomisation","","descriptive","Participant Trial Number [first-event-name][record_id] Participating site [record-dag-label]","","","","","","","","","","","","","#inf"
"rand_form_title","randomisation","","descriptive","Randomisation Form v[rand_version]","","","","","","","","","","","","","#inf"
"rand_details_i_2","randomisation","","descriptive","Participant has been randomised! Randomised allocation: [rand_allocation]","","Randomisation date and time: [rand_dt] [rand_tm]","","","","","[rand_allocation]<>'' and [user-role-label]<>'CTU Statistician BLIND'","","","","","","#inf"
"rand_type","randomisation","","dropdown","Randomisation type:","1, Online performed by Site | 2, Online performed by BCTU | 3, OFFLINE (e.g. paper) performed by BCTU","","","","","","[rand_version]!=''","y","","","","","#sys"
"rand_type_i","randomisation","","descriptive","The question above has not been answered.","","CTU Randomiser must answer whether online or paper (offline).","","","","","[rand_type]=''","","","","","","#inf"
"rand_type_i_2","randomisation","","descriptive","PLEASE NOTE: When revisiting the form after saving, the answer to Type of randomisation is reset to blank if there is NOT an allocation present","","i.e. if online randomisation fails or you are performing a paper (offline) randomisation.","","","","","([rand_type]='2' OR [rand_type]='3') AND ([rand_allocation]='')","","","","","","#inf"
"rand_type_i_3","randomisation","","descriptive","When performing paper (offline) randomisation, use ""Save & Exit"" save option rather than ""Save & Stay""","","Using the latter will not prevent a user with the ""CTU Randomiser OFFLINE"" role being able to visit the Randomisation Allocation form and enter the offline randomisation date and allocation as long as the form is not saved with ""Type of Randomisation"" unanswered (i.e. you should navigate away without saving).","","","","","[rand_type]='3' AND ([rand_allocation]='')","","","","","","#inf"
"rand_initials","randomisation","","text","Initials:","","","","","","","[rand_version]!=''","y","","","","","#cdi #pii"
"rand_term4","randomisation","","calctext","Term 4","","","","","","","[rand_version]!=''","","","","","","#sys"
"rand_nhs_no","randomisation","","text","[rand_term4] Number:","","","","","","y","[rand_version]!=''","y","","","","","#cdi"
"rand_nhs_1_i","randomisation","","descriptive","The [rand_term4] Number is invalid - please check and amend","","","","","","","length([rand_nhs_no]) = 10","","","","","","#inf"
"rand_nhs_i_3","randomisation","","descriptive","The [rand_term4] Number is invalid (too short) - please check and amend","","","","","","","[rand_nhs_no]!='' AND length([rand_nhs_no])<10","","","","","","#inf"
"rand_nhs_validity","randomisation","","calc","NHS number validity check","","Valid (length and check digit) = '1', else ''","","","","","","","","","","","#sys"
"rand_no_range","randomisation","","calctext","Healthcare number type based on range","","","","","","","[rand_version]!=''","","","","","","#sys"
"rand_nhs2_i","randomisation","","descriptive","The number entered does not match the format expected for site home nation; [rand_no_range] entered but [rand_term4] expected - please check and amend if necessary","","","","","","","[rand_term4]!='' AND [rand_no_range]!='' AND [rand_term4]!=[rand_no_range]","","","","","","#inf"
"rand_1_i","randomisation","","descriptive","If ""DUPLICATE VALUE"" prompt is presented after entering the [rand_term4] Number, a patient with this [rand_term4] Number has all ready been randomised into the TONIC Trial. Please check details.","","Minimisation variables","","","","","[rand_nhs_no]='' OR length([rand_nhs_no])<10","","","","","","#inf"
"rand_nela_score_mort_lb","randomisation","","calctext","What is the patient's National Emergency Laparotomy Audit (NELA) mortality risk score? Based on score recorded on Baseline Data form - revisit the form and amend if required","","","","","","","[rand_version]!=''","y","","","","","#cdi"
"rand_nela_score_mort","randomisation","","calc","What is the patient's National Emergency Laparotomy Audit (NELA) mortality risk score? (minimisation value)","","","","","","","[rand_version]!=''","","","","","","#sys"
"rand_mini_nela","randomisation","","text","NELA (value when randomised to allow monitoring of changes):","","","","","","","[rand_mini_nela]!='' OR [rand_allocation]!=''","","","","","","#sys | Added via Copy on Save"
"rand_nrs_points_lb","randomisation","","calctext","What is the patient's Nutrition Risk Screening Score (NRS-2002) points? Based on score determined from data recorded on Baseline Nutrition form - revisit the form and amend if required","","","","","","","[rand_version]!=''","y","","","","","#cdi"
"rand_nrs_points","randomisation","","calc","What is the patient's Nutrition Risk Screening Score (NRS-2002) points? (minimisation value)","","","","","","","[rand_version]!=''","","","","","","#sys"
"rand_mini_nrs","randomisation","","text","NRS (value when randomised to allow monitoring of changes):","","","","","","","[rand_mini_nrs]!='' OR [rand_allocation]!=''","","","","","","#sys | Added via Copy on Save"
"rand_site_lb","randomisation","","calctext","Name of recruiting site (Hospital name):","","","","","","","[rand_version]!=''","y","","","","","#cdi"
"rand_site","randomisation","","calc","Name of recruiting site (Hospital name) (minimisation value):","","","","","","","[rand_version]!=''","y","","","","","#sys"
"rand_mini_site","randomisation","","text","Site (value when randomised to allow monitoring of changes):","","","","","","","[rand_mini_site]!='' OR [rand_allocation]!=''","","","","","","#sys | Added via Copy on Save"
"rand_min_check_calc","randomisation","","calc","Minimisation variables flag calculated","","0 = one or more abscent","","","","","[cae_elig_check_calc]='1' OR [rand_allocation]<>''","y","RH","","","","#sys"
"rand_elig_i","randomisation","","descriptive","[cae_over_18:field-label] [cae_over_18]","","[cae_consent_given:field-label] [cae_consent_given]","","","","","","","","","","","#inf"
"rand_issue_inclusion_i","randomisation","","descriptive","This patient is NOT ELIGIBLE to participate in the TONIC Trial","","","","","","","[cae_elig_check_calc]!='1'","","","","","","#inf"
"rand_elig_confirmed_by","randomisation","","sql","Name of person confirming eligibility:","","","","","","","[rand_version]!=''","y","","","","","#cdi"
"rand_elig_confirmed_dt","randomisation","","text","Date eligibility was confirmed:","","","date_dmy","[rc_created_dt_min3d]","today","","[rand_version]!=''","y","","","","","#cdi | // Min: Record created date, Max: today \\"
"rand_2_i","randomisation","","descriptive","Please ensure that the name of the person confirming eligibility and the date eligibility was confirmed is recorded in the participant's medical notes.","","Form completion details","","","","","","","","","","","#inf"
"rand_completed_by","randomisation","","sql","Form completed by:","","","","","","","[rand_version]!=''","y","","","","","#cdi"
"rand_completed_dt","randomisation","","text","Date form completed:","","Randomisation","date_dmy","[rc_created_dt]","today","","[rand_version]!=''","y","","","","","#cdi | // Min: Record created date, Max: today \\"
"rand_performed_by_email","randomisation","","text","Email of person at site randomising:","","(When randomisation performed by CTU Randomiser, to be added or updated)","email","","","","[rand_version]!=''","y","","","","","#sys"
"rand_not_to_rand_i","randomisation","","descriptive","PLEASE NOTE: based on the responses this patient will not be randomised - when saving the form with Form Status set to ""Complete"", you will receive a pop-up telling you the randomisation could not be performed - this is expected and correct behaviour.","","If the patient should be randomised, please modify the responses accordingly.","","","","","[rand_type]<>'' AND [rand_type]<3 AND [rand_check_calc]=0 AND [randomisation_complete] = '2'","","","","","","#inf"
"rand_not_to_rand_i_2","randomisation","","descriptive","PLEASE NOTE: as paper (offline) randomisation this participant will not be randomised by the system - when saving the form with Form Status set to ""Complete"", you will receive a pop-up telling you the randomisation could not be performed - this is expected and correct behaviour.","","","","","","","[rand_type]=3 AND [rand_check_calc]=0 AND [randomisation_complete] = '2'","","","","","","#inf"
"rand_check_calc","randomisation","","calc","Randomisation check","","0=Randomise should not take place","","","","","[rand_version]!=''","","","","","","#sys"
"rand_ready_n_i","randomisation","","descriptive","The necessary responses have not yet been provided to allow randomisation!","","You will not be able to perform the randomisation until the missing or incompatible data are addressed.","","","","","[rand_type]<>'' AND [rand_type]<3 AND [rand_check_calc]=0","","","","","","#inf"
"rand_ready_y_i","randomisation","","descriptive","Participant is eligible and can be randomised!","","If you are ready to randomise, please:","","","","","[rand_type]<>'' AND [rand_type]<3 AND [rand_check_calc]=1","","","","","","#inf"
"rand_randomise_i","randomisation","","descriptive","Participant will be randomised when you save the form!","","","","","","","[rand_type]<>'' AND [rand_type]<3 AND [rand_check_calc]=1 AND [randomisation_complete] = '2'","","","","","","#inf"
"rand_ready_n_off_i","randomisation","","descriptive","The necessary responses have not yet been provided to allow an OFFLINE randomisation to be entered!","","It will not be possible for a user with ""CTU Randomiser OFFLINE"" role to enter the offline randomisation date and allocation into the Randomisation Allocation form until the missing or incompatible data are addressed.","","","","","[rand_type]=3 AND [rand_check_calc]=0","","","","","","#inf"
"rand_ready_y_off_i","randomisation","","descriptive","Participant is eligible and the OFFLINE randomisation date and allocation can be entered!","","Set Form Status to ""Complete"" Click ""Save & Exit"" A user with the ""CTU Randomiser OFFLINE"" role is to then visit the Randomisation Allocation form and enter the offline randomisation date and allocation. NB. If ""Save & Stay"" is clicked, ""Type of Randomisation"" will be reset to blank when for form reloads - this will not prevent step 3 being possible as long as the form is not saved (i.e. you should navigate away without saving).","","","","","[rand_type]=3 AND [rand_check_calc]=1","","","","","","#inf"
"rand_randomised_i","randomisation","","descriptive","Participant has been randomised!","","","","","","","[rand_allocation]<>''","","","","","","#inf"
"rand_allocation_i","randomisation","","descriptive","Randomised allocation: [rand_allocation]","","","","","","","[rand_allocation]<>'' and [user-role-label]<>'CTU Statistician BLIND'","","","","","","#inf"
"rand_details_i","randomisation","","descriptive","Randomisation date and time: [rand_dt] [rand_tm]","","Form completed by (Name of person randomising): [rand_completed_by]","","","","","[rand_allocation]!=''","","","","","","#inf"
"rand_bctu_confirm","randomisation","","checkbox","I confirm that the above information entered by BCTU during the randomisation process was correct at randomisation","0, DEV","","","","","","[rand_allocation]<>'' AND left([rand_performed_by_role],3) = 'CTU'","y","","","","","#adm"
"rand_bctu_confirmed_by","randomisation","","sql","Confirmed by","","","","","","","[rand_allocation]<>'' AND left([rand_performed_by_role],3) = 'CTU'","y","","","","","#adm"
"rand_dttm_s","randomisation","","text","Date and time (with seconds) allocation populated by the system:","","Either when allocation assigned by EM during an online randomisation, or when allocation is entered during an offline (paper) randomisation.","datetime_seconds_dmy","","","","[rand_allocation]!=''","","RH","","","","#cdi"
"rand_dttm","randomisation","","calcdate","Randomisation date and time:","","This will be populated the participant has been randomisation","datetime_dmy","","","","[rand_allocation]!=''","","RH","","","","#cdi"
"rand_dt","randomisation","","calcdate","Randomisation date:","","This will be populated the participant has been randomisation","date_dmy","","","","[rand_allocation]!=''","","RH","","","","#cdi"
"rand_tm","randomisation","","calctext","Randomisation time:","","This will be populated the participant has been randomisation","","","","","[rand_allocation]!=''","","RH","","","","#adm"
"rand_performed_by","randomisation","","text","Randomisation performed by:","","","","","","","[rand_version]!=''","","","","","","#sys"
"rand_performed_by_role","randomisation","","text","User role of the person performing randomisation:","","","","","","","[rand_version]!=''","","RH","","","","#sys"
"rand_saveoptions_site","randomisation","","descriptive","","","","","","","","[baseline_arm_1][rand_allocation]='' AND left([user-role-label],4)=""Site""","","","","","","#sys"
"rand_saveoptions_bctu","randomisation","","descriptive","","","","","","","","[baseline_arm_1][rand_allocation]='' AND left([user-role-label],4)=""BCTU""","","","","","","#sys"
"rand_stdfooter","randomisation","","descriptive","Created by [rand_created_by] on [rand_created_dt] at [rand_created_tm]","","","","","","","","","","","","","#adm"
"rand_created_by","randomisation","","text","Form created by","","","","","","","[rand_version]!=''","","","","","","#sys"
"rand_created_dt","randomisation","","text","Form created date","","","date_dmy","","","","[rand_version]!=''","","","","","","#sys"
"rand_created_tm","randomisation","","text","Form created time","","Form Status","time","","","","[rand_version]!=''","","","","","","#sys"
"randomisation_complete","randomisation","","dropdown","Complete?","0, Incomplete | 1, Unverified | 2, Complete","","","","","","","","","","","",""
"rand_allo_title","randomisation_allocation","","descriptive","Randomisation: Allocation","","","","","","","","","","","","","#inf"
"rand_offline_confirm","randomisation_allocation","","radio","Do you wish to enter an offline (i.e. paper) randomisation?","1, Yes | 0, No","","","","","","[rand_type]='3'","y","","","","","#sys"
"rand_offline_dttm","randomisation_allocation","","text","Offline (e.g. paper) randomisation date and time:","","","datetime_dmy","","now","","[rand_offline_confirm]='1'","y","","","","","#cdi"
"rand_instruction_7","randomisation_allocation","","descriptive","Now click ""Save & Stay"" to get get access to the allocation.","","Then once visible, click the ""Perform manual randomization..."" link and select the allocation from the list.","","","","","[rand_offline_confirm]='1' and [rand_offline_dttm]<>'' and [rand_allocation]=''","","","","","","#inf"
"rand_allocation","randomisation_allocation","","dropdown","Treatment allocation:","1, Early parenteral nutrition started within 48 hours of emergency laparotomy/laparoscopy | 2, Standard nutritional care","","","","","","[rand_type]='1' OR [rand_type]='2' OR ([rand_type]='3' and [rand_offline_confirm]='1' and [rand_offline_dttm]<>'')","","RH","","","","#cdi #UNBLINDING#"
"rand_instruction_8","randomisation_allocation","","descriptive","Return to Randomisation form (in ""CTU Randomiser"" role) and re-save to trigger associated emails.","","FYI trigger is when Randomisation form is saved and an allocation is present. As randomisation was offline, allocation was not present when the Randomisation form was last saved, so not triggered.","","","","","[rand_offline_confirm]='1' and [rand_offline_dttm]<>'' and [rand_allocation]<>''","","","","","","#inf"
"rand_metadata","randomisation_allocation","","textarea","Randomisation Information Metadata","","Form Status","","","","","[rand_type]='1' OR [rand_type]='2' OR ([rand_type]='3' and [rand_offline_confirm]='1' and [rand_offline_dttm]<>'')","","","","","","#sys"
"randomisation_allocation_complete","randomisation_allocation","","dropdown","Complete?","0, Incomplete | 1, Unverified | 2, Complete","","","","","","","","","","","",""
"trans_version","consent_transfer_admin","","dropdown","FORMAP Form Version","0, Dev | 2, 2.0","","","","","","[trans_version]!=''","","","","","","#sys"
"trans_stdhr","consent_transfer_admin","","descriptive","Participant Trial Number [first-event-name][record_id] Participating site [record-dag-label]","","","","","","","","","","","","","#inf"
"trans_form_title","consent_transfer_admin","","descriptive","Consent Transfer Admin v[trans_version]","","","","","","","","","","","","","#inf"
"trans_1_i","consent_transfer_admin","","descriptive","Transfer via upload does not have to take place before randomisation","","","","","","","","","","","","","#inf"
"trans_pt","consent_transfer_admin","","file","Upload copy of the consent form completed by the patient","","","","","","","[trans_version]!='' AND [baseline_arm_1][cae_consent_pt]='1'","y","","","","","#cdi"
"trans_pc_lr","consent_transfer_admin","","file","Upload copy of [cae_term2] form completed by [cae_term1]","","","","","","","[trans_version]!='' AND [baseline_arm_1][cae_consent_pc_lr]='1'","y","","","","","#cdi"
"trans_regained_cap_yn","consent_transfer_admin","","radio","Has the patient provided Recovered Capacity consent?","1, Yes | 2, No - not yet | 0, No - will not","","","","","","[trans_version]!='' AND [baseline_arm_1][cae_consent_pc_lr]='1'","y","RH","","","","#cdi"
"trans_regained_cap","consent_transfer_admin","","file","Upload copy of Recovered Capacity consent form completed by patient","","","","","","","[trans_regained_cap_yn]='1'","y","","","","","#cdi"
"trans_no_regained_cap","consent_transfer_admin","","textarea","Reason patient will not provide Recovered Capacity consent:","","","","","","","[trans_regained_cap_yn]='0'","y","","","","","#cdi"
"trans_stdfooter","consent_transfer_admin","","descriptive","Created by [trans_created_by] on [trans_created_dt] at [trans_created_tm]","","","","","","","","","","","","","#adm"
"trans_created_by","consent_transfer_admin","","text","Form created by","","","","","","","[trans_version]!=''","","","","","","#sys"
"trans_created_dt","consent_transfer_admin","","text","Form created date","","","date_dmy","","","","[trans_version]!=''","","","","","","#sys"
"trans_created_tm","consent_transfer_admin","","text","Form created time","","Form Status","time","","","","[trans_version]!=''","","","","","","#sys"
"consent_transfer_admin_complete","consent_transfer_admin","","dropdown","Complete?","0, Incomplete | 1, Unverified | 2, Complete","","","","","","","","","","","",""
"rev_version","consent_review_admin","","dropdown","FORMAP Form Version","0, Dev | 2, 2.0","","","","","","[rev_version]!=''","","","","","","#sys"
"rev_stdhr","consent_review_admin","","descriptive","Participant Trial Number [first-event-name][record_id] Participating site [record-dag-label]","","","","","","","","","","","","","#inf"
"rev_form_title","consent_review_admin","","descriptive","Consent Review Admin v[rev_version]","","Upload","","","","","","","","","","","#inf"
"rev_type","consent_review_admin","","dropdown","What form is being reviewed?","1, Participant Consent | 2, Personal Consultee Declaration/Welfare Attorney-Guardian-Nearest Relative | 3, Recovered Capacity Consent","","","","","","[rev_version]!=''","y","","","","","#cdi"
"rev_pt_i","consent_review_admin","","descriptive","Uploaded copy of the Participant Consent form [trans_pt:inline][1]","","","","","","","[rev_type]='1' AND [rev_received_dt]=''","","","","","","#inf"
"rev_pc_lr_i","consent_review_admin","","descriptive","Uploaded copy of the Personal Consultee Declaration/Personal Consultee Declaration/Welfare Attorney-Guardian-Nearest Relative Consent form [trans_pc_lr:inline][1]","","","","","","","[rev_type]='2' AND [rev_received_dt]=''","","","","","","#inf"
"rev_regained_cap_i","consent_review_admin","","descriptive","Uploaded copy of the Recovered Capacity Consent form [trans_regained_cap:inline][1]","","Transfer","","","","","[rev_type]='3' AND [rev_received_dt]=''","","","","","","#inf"
"rev_received_dt","consent_review_admin","","text","Date copy received outside of system:","","Checks","date_dmy","[baseline_arm_1][cae_consent_rec_dt]","today","","([rev_type]='1' AND [trans_pt]='') OR ([rev_type]='2' AND [trans_pc_lr]='') OR","y","","","","","#cdi | // Min: Date [cae_term3] was received, Max: today \\"
"rev_version_used","consent_review_admin","","dropdown","Version number of [rev_term1] form:","0, DEV | 1, 1.0","","","","","","[rev_type]!=''","y","","","","","#cdi"
"rev_term1","consent_review_admin","","calctext","Term 1","","","","","","","[rev_type]!=''","","","","","","#sys"
"rev_version_correct","consent_review_admin","","radio","Correct version of ICF used?","1, Yes | 0, No","","","","","","[rev_type]!=''","y","RH","","","","#cdi"
"rev_tno","consent_review_admin","","radio","Participant Trial Number completed?","1, Yes | 0, No","","","","","","[rev_type]!=''","y","RH","","","","#cdi"
"rev_pis_correct","consent_review_admin","","radio","Correct version of PIS used?","1, Yes | 0, No","","","","","","[rev_type]!=''","y","RH","","","","#cdi"
"rev_boxes_initialled","consent_review_admin","","radio","All required boxes initialled?","1, Yes | 0, No","","","","","","[rev_type]!=''","y","RH","","","","#cdi"
"rev_pt_name","consent_review_admin","","radio","Name of participant present?","1, Yes | 0, No","","","","","","[rev_type]!=''","y","RH","","","","#cdi"
"rev_pc_lr_name","consent_review_admin","","radio","Name of Consultee /Welfare Attorney-Guardian-Nearest Relative present?","1, Yes | 0, No","","","","","","[rev_type]='2'","y","RH","","","","#cdi"
"rev_signature","consent_review_admin","","radio","Signature of present?","1, Yes | 0, No","","","","","","[rev_type]!=''","y","RH","","","","#cdi"
"rev_signature_dt_yn","consent_review_admin","","radio","Date of signature present?","1, Yes | 0, No","","","","","","[rev_type]!=''","y","RH","","","","#cdi"
"rev_signature_dt","consent_review_admin","","text","Date of signature:","","","date_dmy","[baseline_arm_1][cae_consent_rec_dt]","[baseline_arm_1][cae_consent_rec_dt]","","[rev_signature_dt_yn]='1'","y","RH","","","","#cdi | // Min: Date [cae_term3] was received, Max: Date [cae_term3] was received \\"
"rev_consenter","consent_review_admin","","sql","Name of person taking consent?","","","","","","","[rev_type]!=''","y","","","","","#cdi"
"rev_consenter_task","consent_review_admin","","radio","Is the person taking consent delegated this task?","1, Yes | 0, No","","","","","","[rev_type]!=''","y","RH","","","","#cdi"
"rev_consenter_signature","consent_review_admin","","radio","Signature of person taking consent present?","1, Yes | 0, No","","","","","","[rev_type]!=''","y","RH","","","","#cdi"
"rev_consenter_sig_dt_yn","consent_review_admin","","radio","Date of person taking consent present?","1, Yes | 0, No","","","","","","[rev_type]!=''","y","RH","","","","#cdi"
"rev_consenter_sig_dt","consent_review_admin","","text","Date of person taking consent:","","","date_dmy","[baseline_arm_1][cae_consent_rec_dt]","[baseline_arm_1][cae_consent_rec_dt]","","[rev_consenter_sig_dt_yn]='1'","y","RH","","","","#cdi | // Min: Date [cae_term3] was received, Max: Date [cae_term3] was received \\"
"rev_witness","consent_review_admin","","radio","Witness name present?","1, Yes | 0, No | 2, Not applicable","","","","","","[rev_type]!=''","y","RH","","","","#cdi"
"rev_witness_signature","consent_review_admin","","radio","Signature of witness present?","1, Yes | 0, No | 2, Not applicable","","","","","","[rev_type]!=''","y","RH","","","","#cdi"
"rev_witness_sig_dt_yn","consent_review_admin","","radio","Date of witness signature present?","1, Yes | 0, No | 2, Not applicable","","","","","","[rev_type]!=''","y","RH","","","","#cdi"
"rev_witness_sig_dt","consent_review_admin","","text","Date of witness signature:","","","date_dmy","[baseline_arm_1][cae_consent_rec_dt]","[baseline_arm_1][cae_consent_rec_dt]","","[rev_witness_sig_dt_yn]='1'","y","RH","","","","#cdi | // Min: Date [cae_term3] was received, Max: Date [cae_term3] was received \\"
"rev_outcome","consent_review_admin","","radio","Check outcome","1, Issue(s) identified | 2, No Issue(s) identified","","","","","","[rev_type]!=''","y","RH","","","","#cdi"
"rev_issue_details","consent_review_admin","","textarea","Details of issue(s)","","","","","","","[rev_outcome]='1'","y","","","","","#cdi"
"rev_issue_resovled_yn","consent_review_admin","","radio","Has the issue(s) been resolved?","1, Yes | 0, No","","","","","","[rev_outcome]='1'","y","RH","","","","#cdi"
"rev_issue_resovled_dt","consent_review_admin","","text","Date resolved:","","","date_dmy","","today","","[rev_issue_resovled_yn]='1'","y","","","","","#cdi"
"rev_issue_resovled_details","consent_review_admin","","textarea","Details of resolution","","","","","","","[rev_issue_resovled_yn]='1'","y","","","","","#cdi"
"rev_stdfooter","consent_review_admin","","descriptive","Created by [rev_created_by] on [rev_created_dt] at [rev_created_tm]","","","","","","","","","","","","","#adm"
"rev_created_by","consent_review_admin","","text","Form created by","","","","","","","[rev_version]!=''","","","","","","#sys"
"rev_created_dt","consent_review_admin","","text","Form created date","","","date_dmy","","","","[rev_version]!=''","","","","","","#sys"
"rev_created_tm","consent_review_admin","","text","Form created time","","Form Status","time","","","","[rev_version]!=''","","","","","","#sys"
"consent_review_admin_complete","consent_review_admin","","dropdown","Complete?","0, Incomplete | 1, Unverified | 2, Complete","","","","","","","","","","","",""
"iop_version","index_operation","","dropdown","FORMAP Form Version","0, Dev | 1, 1.0","","","","","","[iop_version]!=''","","","","","","#sys"
"iop_stdhr","index_operation","","descriptive","Participant Trial Number [first-event-name][record_id] Participating site [record-dag-label]","","","","","","","","","","","","","#inf"
"iop_form_title","index_operation","","descriptive","Index Operation Form v[iop_version]","","Operative details","","","","","","","","","","","#inf"
"iop_op_yn","index_operation","","radio","Did the participant have an operation?","1, Yes | 0, No","","","","","","[iop_version]!=''","y","RH","","","","#cdi"
"iop_1_i","index_operation","","descriptive","If the participant DID NOT undergo an operation please complete the Trial Exit/Change of Status form.","","","","","","","","","","","","","#inf"
"iop_grade_surgeon","index_operation","","dropdown","Grade of senior surgeon:","1, Consultant | 2, Post-CCT Fellow | 3, Senior Registrar (ST6-8) | 4, Junior Registrar (ST3-5) | 5, Senior House Officer (CT1-2)","","","","","","[iop_op_yn]='1'","y","","","","","#cdi"
"iop_op_start_dttm","index_operation","","text","Date and time of Index Operation started:","","","datetime_dmy","[rand_dttm]","now","","[iop_op_yn]='1'","y","","","","","#cdi | // Min: Date allocation populated by the system:Either when allocation assigned by EM during an online randomisation, or when allocation is entered during an offline (paper) randomisation., Max: now \\"
"iop_op_end_dttm","index_operation","","text","Date and time of Index Operation ended:","","","datetime_dmy","[iop_op_start_dttm]","now","","[iop_op_yn]='1'","y","","","","","#cdi | // Min: Date and time of Index Operation started:, Max: now \\"
"iop_op_end_dt","index_operation","","calcdate","Date of Index Operation ended:","","","date_dmy","","","","[iop_op_yn]='1'","","","","","","#sys"
"iop_op_end_dt_plus90d","index_operation","","calcdate","Date of Index Operation ended + 90 days:","","","date_dmy","","","","[iop_op_yn]='1'","","","","","","#sys"
"iop_asa_grade","index_operation","","dropdown","ASA grade:","1, ASA I: A normal healthy patient. | 2, ASA II: A patient with mild systemic disease. | 3, ASA III: A patient with severe systemic disease. | 4, ASA IV: A patient with severe systemic disease that is a constant threat to life. | 5, ASA V: A moribund patient who is not expected to survive without the operation.","","","","","","[iop_op_yn]='1'","y","","","","","#cdi"
"iop_approach","index_operation","","dropdown","What was the operative approach?","1, Open | 2, Laparoscopic | 3, Laparoscopic assisted | 4, Laparoscopic converted to open | 5, Robotic","","","","","","[iop_op_yn]='1'","y","","","","","#cdi"
"iop_procedure_main","index_operation","","dropdown","Main procedure performed:","1, Peptic ulcer - suture or repair of perforation | 2, Peptic ulcer - oversew of bleed | 3, Gastrectomy: partial or total | 4, Gastric surgery - other | 5, Small bowel resection | 6, Resection of Meckel's diverticulum | 7, Colectomy: left (including sigmoid colectomy & anterior resection) | 8, Colectomy: right (including ileocaecal resection) | 9, Colectomy: subtotal or panproctocolectomy | 10, Hartmann's procedure | 11, Colorectal resection - other | 12, Abdominal wall reconstruction | 13, Adhesiolysis | 14, Reduction of volvulus | 15, Enterotomy | 16, Stricturoplasty | 17, Drainage of abscess/collection | 18, Evacuation of haematoma | 19, Debridement | 20, Exploratory laparotomy only | 21, Haemostasis | 22, Intestinal bypass | 23, Laparostomy formation | 24, Repair of intestinal perforation | 25, Repair or revision of anastomosis | 26, Repair of intestinal fistula | 27, Resection of other intra-abdominal tumour(s) | 28, Splenectomy | 29, Defunctioning stoma via midline laparotomy | 30, Revision of stoma via midline laparotomy | 31, Large incisional hernia repair with bowel resection | 32, Large incisional hernia repair with division of adhesions | 33, Washout only | 34, Removal of foreign body | 100, Not amenable to surgery","","","","","","[iop_op_yn]='1'","y","","","","","#cdi"
"iop_procedure_2nd","index_operation","","dropdown","Second procedure performed:","0, No second procedure performed | 1, Peptic ulcer - suture or repair of perforation | 2, Peptic ulcer - oversew of bleed | 3, Gastrectomy: partial or total | 4, Gastric surgery - other | 5, Small bowel resection | 6, Resection of Meckel's diverticulum | 7, Colectomy: left (including sigmoid colectomy & anterior resection) | 8, Colectomy: right (including ileocaecal resection) | 9, Colectomy: subtotal or panproctocolectomy | 10, Hartmann's procedure | 11, Colorectal resection - other | 12, Abdominal wall reconstruction | 13, Adhesiolysis | 14, Reduction of volvulus | 15, Enterotomy | 16, Stricturoplasty | 17, Drainage of abscess/collection | 18, Evacuation of haematoma | 19, Debridement | 20, Exploratory laparotomy only | 21, Haemostasis | 22, Intestinal bypass | 23, Laparostomy formation | 24, Repair of intestinal perforation | 25, Repair or revision of anastomosis | 26, Repair of intestinal fistula | 27, Resection of other intra-abdominal tumour(s) | 28, Splenectomy | 29, Defunctioning stoma via midline laparotomy | 30, Revision of stoma via midline laparotomy | 31, Large incisional hernia repair with bowel resection | 32, Large incisional hernia repair with division of adhesions | 33, Washout only | 34, Removal of foreign body | 100, Not amenable to surgery","","","","","","[iop_op_yn]='1'","y","","","","","#cdi"
"iop_procedure_3rd","index_operation","","dropdown","Third procedure performed:","0, No third procedure performed | 1, Peptic ulcer - suture or repair of perforation | 2, Peptic ulcer - oversew of bleed | 3, Gastrectomy: partial or total | 4, Gastric surgery - other | 5, Small bowel resection | 6, Resection of Meckel's diverticulum | 7, Colectomy: left (including sigmoid colectomy & anterior resection) | 8, Colectomy: right (including ileocaecal resection) | 9, Colectomy: subtotal or panproctocolectomy | 10, Hartmann's procedure | 11, Colorectal resection - other | 12, Abdominal wall reconstruction | 13, Adhesiolysis | 14, Reduction of volvulus | 15, Enterotomy | 16, Stricturoplasty | 17, Drainage of abscess/collection | 18, Evacuation of haematoma | 19, Debridement | 20, Exploratory laparotomy only | 21, Haemostasis | 22, Intestinal bypass | 23, Laparostomy formation | 24, Repair of intestinal perforation | 25, Repair or revision of anastomosis | 26, Repair of intestinal fistula | 27, Resection of other intra-abdominal tumour(s) | 28, Splenectomy | 29, Defunctioning stoma via midline laparotomy | 30, Revision of stoma via midline laparotomy | 31, Large incisional hernia repair with bowel resection | 32, Large incisional hernia repair with division of adhesions | 33, Washout only | 34, Removal of foreign body | 100, Not amenable to surgery","","","","","","[iop_op_yn]='1'","y","","","","","#cdi"
"iop_contamination","index_operation","","dropdown","Operative contamination: Select worse for contamination, but only select one","1, None or reactive serous fluid only | 2, Free gas from perforation +/- minimal contamination | 3, Pus | 4, Bile | 5, Gastro-duodenal contents | 6, Small bowel contents | 7, Faeculent fluid | 8, Faeces | 9, Blood/haematoma","","","","","","[iop_op_yn]='1'","y","","","","","#cdi"
"iop_stoma_yn","index_operation","","radio","Was a stoma formed at the time of operation?","1, Yes | 0, No","","","","","","[iop_op_yn]='1'","y","RH","","","","#cdi"
"iop_ileostomy_yn","index_operation","","radio","Was an ileostomy formed?","1, Yes | 0, No","","","","","","[iop_stoma_yn]='1'","y","RH","","","","#cdi"
"iop_colostomy_yn","index_operation","","radio","Was an Colostomy formed?","1, Yes | 0, No","","","","","","[iop_stoma_yn]='1'","y","RH","","","","#cdi"
"iop_jejunostomy_yn","index_operation","","radio","Was an Jejunostomy formed?","1, Yes | 0, No","","","","","","[iop_stoma_yn]='1'","y","RH","","","","#cdi"
"iop_anastomosis_yn","index_operation","","radio","Was anastomosis performed?","1, Yes | 0, No","Form completion details","","","","","[iop_stoma_yn]='0'","y","RH","","","","#cdi"
"iop_completed_by","index_operation","","sql","Form completed by:","","","","","","","[iop_version]!=''","y","","","","","#cdi"
"iop_completed_dt","index_operation","","text","Date form completed:","","","date_dmy","[rand_dt]","today","","[iop_version]!=''","y","","","","","#cdi | // Min: Randomisation date, Max: today \\"
"iop_stdfooter","index_operation","","descriptive","Created by [iop_created_by] on [iop_created_dt] at [iop_created_tm]","","","","","","","","","","","","","#adm"
"iop_created_by","index_operation","","text","Form created by","","","","","","","[iop_version]!=''","","","","","","#sys"
"iop_created_dt","index_operation","","text","Form created date","","","date_dmy","","","","[iop_version]!=''","","","","","","#sys"
"iop_created_tm","index_operation","","text","Form created time","","Form Status","time","","","","[iop_version]!=''","","","","","","#sys"
"index_operation_complete","index_operation","","dropdown","Complete?","0, Incomplete | 1, Unverified | 2, Complete","","","","","","","","","","","",""
"bi_version","barthel_index","","dropdown","FORMAP Form Version","0, Dev | 1, 1.0","","","","","","[bi_version]!=''","","","","","","#sys"
"bi_stdhr","barthel_index","","descriptive","Participant Trial Number [first-event-name][record_id] Participating site [record-dag-label]","","","","","","","","","","","","","#inf"
"bi_form_title","barthel_index","","descriptive","Barthel Index for Activities of Daily Living (ADL) v[bi_version]","","","","","","","","","","","","","#inf"
"bi_assessment_dt","barthel_index","","text","Date of assessment:","","Rank the patient's independence in the following areas:","date_dmy","[baseline_arm_1][iop_op_end_dt]","today","","[bi_version]!=''","y","","","","","#cdi | // Min: Date of Index Operation ended:, Max: today \\"
"bi_feeding","barthel_index","","dropdown","Feeding:","10, Independent | 5, Needs help | 0, Unable","","","","","","[bi_version]!=''","y","","","","","#cdi"
"bi_bathing","barthel_index","","dropdown","Bathing:","5, Independent | 0, Unable","","","","","","[bi_version]!=''","y","","","","","#cdi"
"bi_grooming","barthel_index","","dropdown","Grooming:","5, Independent | 0, Unable","","","","","","[bi_version]!=''","y","","","","","#cdi"
"bi_dressing","barthel_index","","dropdown","Dressing:","10, Independent | 5, Needs help | 0, Unable","","","","","","[bi_version]!=''","y","","","","","#cdi"
"bi_bowel_control","barthel_index","","dropdown","Bowel control:","10, Continent | 5, Occasional accident | 0, Incontinent (or needs to be given enemas)","","","","","","[bi_version]!=''","y","","","","","#cdi"
"bi_bladder_control","barthel_index","","dropdown","Bladder control:","10, Continent | 5, Occasional accident | 0, Incontinent (catheterized, unable to manage alone)","","","","","","[bi_version]!=''","y","","","","","#cdi"
"bi_toilet_use","barthel_index","","dropdown","Toilet use:","10, Independent | 5, Needs help | 0, Unable","","","","","","[bi_version]!=''","y","","","","","#cdi"
"bi_transfers","barthel_index","","dropdown","Transfers (bed to chair and back):","15, Independent | 10, Needs minor help (verbal or physical) | 5, Needs major help (1-2 people, physical), can sit | 0, Unable","","","","","","[bi_version]!=''","y","","","","","#cdi"
"bi_mobility","barthel_index","","dropdown","Mobility on level surfaces:","15, Independent (but may use any aid, e.g. stick) >50 yards | 10, Walks with help of one person (verbal or physical) >50 yards | 5, Wheelchair independent, including corners, >50 yards | 0, Immobile or <50 yards","","","","","","[bi_version]!=''","y","","","","","#cdi"
"bi_stairs","barthel_index","","dropdown","Stairs:","10, Independent | 5, Needs help (verbal, physical, carrying aid) | 0, Unable","Score","","","","","[bi_version]!=''","y","","","","","#cdi"
"bi_typdccnt","barthel_index","","calc","Score","","Form completion details","","","","","[bi_version]!=''","y","","","","","#cdi"
"bi_completed_by","barthel_index","","sql","Form completed by:","","","","","","","[bi_version]!=''","y","","","","","#cdi"
"bi_completed_dt","barthel_index","","text","Date form completed:","","","date_dmy","[baseline_arm_1][iop_op_end_dt]","today","","[bi_version]!=''","y","","","","","#cdi | // Min: Date of Index Operation ended:, Max: today \\"
"bi_stdfooter","barthel_index","","descriptive","Created by [bi_created_by] on [bi_created_dt] at [bi_created_tm]","","","","","","","","","","","","","#adm"
"bi_created_by","barthel_index","","text","Form created by","","","","","","","[bi_version]!=''","","","","","","#sys"
"bi_created_dt","barthel_index","","text","Form created date","","","date_dmy","","","","[bi_version]!=''","","","","","","#sys"
"bi_created_tm","barthel_index","","text","Form created time","","Form Status","time","","","","[bi_version]!=''","","","","","","#sys"
"barthel_index_complete","barthel_index","","dropdown","Complete?","0, Incomplete | 1, Unverified | 2, Complete","","","","","","","","","","","",""
"dis_version","discharge","","dropdown","FORMAP Form Version","0, Dev | 1, 1.0","","","","","","[dis_version]!=''","","","","","","#sys"
"dis_stdhr","discharge","","descriptive","Participant Trial Number [first-event-name][record_id] Participating site [record-dag-label]","","","","","","","","","","","","","#inf"
"dis_form_title","discharge","","descriptive","Discharge Form v[dis_version]","","","","","","","","","","","","","#inf"
"dis_assessment_dt","discharge","","text","Date of Assessment:","","ITU admission and discharge details","date_dmy","[baseline_arm_1][iop_op_end_dt]","today","","[dis_version]!=''","y","","","","","#cdi | // Min: Date of Index Operation ended:, Max: today \\"
"dis_itu_admit_yn","discharge","","radio","During the participants inpatient stay, was the participant admitted to ITU?","1, Yes | 0, No","","","","","","[dis_version]!=''","y","RH","","","","#cdi"
"dis_itu_admit_num","discharge","","text","Total Number of ITU Admissions","","","integer","1","5","","[dis_itu_admit_yn]='1'","y","","","","","#cdi"
"dis_itu_days_num","discharge","","text","Total Number of days in ITU","","Hospital discharge details","integer","1","90","","[dis_itu_admit_yn]='1'","y","","","","","#cdi"
"dis_1_i","discharge","","descriptive","If during the participants inpatient stay, the patient has died, the date and time of death is to be considered to be the date and time of discharge.","","","","","","","","","","","","","#inf"
"dis_discharge_dttm","discharge","","text","Date and time of discharge from hospital:","","","datetime_dmy","[iop_op_end_dttm]","now","","[dis_version]!=''","y","","","","","#cdi | // Min: Date and time of Index Operation ended:, Max: now \\"
"dis_discharge_day","discharge","","calc","Day of discharge","","","","","","","[dis_discharge_dttm]!=''","","","","","","#sys"
"dis_discharge_destination","discharge","","dropdown","Discharge destination:","1, Own home | 2, Rehabilitation | 3, Residential home | 4, Nursing home | 5, N/A because of death | 6, Still an inpatient at the end of the study","","","","","","[dis_version]!=''","y","","","","","#cdi"
"dis_2_i","discharge","","descriptive","If the participant died please complete the Trial Exit/Change of Status form.","","","","","","","[dis_discharge_destination]='5'","","","","","","#inf"
"dis_care_package","discharge","","radio","Was this with a care package (i.e. support with personal care for a period of time)?","1, Yes - New care package | 2, Yes - Existing care package | 0, No","","","","","","[dis_discharge_destination]='1'","y","","","","","#cdi"
"dis_care_package_impoved","discharge","","radio","Was this with an improved care package (i.e. increased support with personal care for a period of time)?","1, Yes | 0, No","","","","","","[dis_care_package]='2'","y","RH","","","","#cdi"
"dis_30s_sit2stand_yn","discharge","","radio","Was the 30-second sit-to-stand test completed?","1, Yes | 0, No","","","","","","[dis_discharge_destination]=!'' AND [dis_discharge_destination]<=4","y","RH","","","","#cdi"
"dis_30s_sit2stand_num","discharge","","text","Number of stands in 30-second sit-to-stand test:","","","integer","0","25","","[dis_30s_sit2stand_yn]='1'","y","","","","","#cdi"
"dis_30s_sit2stand_not","discharge","","dropdown","Why was a 30-second sit-to-stand test NOT completed?","1, Research staff not available | 2, Participant unwilling | 3, Participant unable for medical reasons (e.g. postural hypotension) | 99, Other","","","","","","[dis_30s_sit2stand_yn]='0'","y","","","","","#cdi"
"dis_30s_sit2stand_not_oth","discharge","","textarea","Please specify other reason for 30-second sit-to-stand test NOT being completed:","","Complication assessment","","","","","[dis_30s_sit2stand_not]='99'","y","","","","","#cdi"
"dis_3_i","discharge","","descriptive","Complications should only be recorded where onset was after index operation up to and including the day of discharge.","","","","","","","","","","","","","#inf"
"dis_comp_i","discharge","","descriptive","Since the participant's index operation, have they developed any post-operative complications?","","","","","","","","","","","","","#cdi"
"dis_comp_uti","discharge","","radio","Urinary tract infection","1, Yes | 0, No","","","","","","[dis_version]!=''","y","RH","","","","#cdi"
"dis_comp_aki","discharge","","radio","Acute kidney injury (not present at admission)","1, Yes | 0, No","","","","","","[dis_version]!=''","y","RH","","","","#cdi"
"dis_comp_pneumo","discharge","","radio","Pneumonia","1, Yes | 0, No","","","","","","[dis_version]!=''","y","RH","","","","#cdi"
"dis_comp_af","discharge","","radio","Atrial fibrillation","1, Yes | 0, No","","","","","","[dis_version]!=''","y","RH","","","","#cdi"
"dis_comp_mi","discharge","","radio","Myocardial infarction","1, Yes | 0, No","","","","","","[dis_version]!=''","y","RH","","","","#cdi"
"dis_comp_cva","discharge","","radio","Cerebrovascular accident","1, Yes | 0, No","","","","","","[dis_version]!=''","y","RH","","","","#cdi"
"dis_comp_dvt","discharge","","radio","Deep vein thrombosis","1, Yes | 0, No","","","","","","[dis_version]!=''","y","RH","","","","#cdi"
"dis_comp_pe","discharge","","radio","Pulmonary embolism","1, Yes | 0, No","","","","","","[dis_version]!=''","y","RH","","","","#cdi"
"dis_comp_delirium","discharge","","radio","Delirium","1, Yes | 0, No","","","","","","[dis_version]!=''","y","RH","","","","#cdi"
"dis_comp_intraap_collect","discharge","","radio","Intra-abdominal collection","1, Yes | 0, No","","","","","","[dis_version]!=''","y","RH","","","","#cdi"
"dis_comp_ssi_sup","discharge","","radio","Superficial surgical site infection","1, Yes | 0, No","","","","","","[dis_version]!=''","y","RH","","","","#cdi"
"dis_comp_ssi_deep","discharge","","radio","Deep surgical site infection","1, Yes | 0, No","","","","","","[dis_version]!=''","y","RH","","","","#cdi"
"dis_comp_dehiscence_sup","discharge","","radio","Superficial (skin) dehiscence","1, Yes | 0, No","","","","","","[dis_version]!=''","y","RH","","","","#cdi"
"dis_comp_dehiscence_deep","discharge","","radio","Fascial (abdominal wall) dehiscence","1, Yes | 0, No","","","","","","[dis_version]!=''","y","RH","","","","#cdi"
"dis_comp_anastomotic_leak","discharge","","radio","Anastomotic leak","1, Yes | 0, No","","","","","","[dis_version]!=''","y","RH","","","","#cdi"
"dis_4_i","discharge","","descriptive","Please Note: The complications listed above are considered protocol-defined expected Serious Adverse Events as outlined in Section 10.5 of the TONIC Trial Protocol.","","These events are anticipated potential post-operative complications and having surgery, therefore do not require expedited reporting.","","","","","","","","","","","#inf"
"dis_comp_oth","discharge","","radio","Other post-operative complications","1, Yes | 0, No","","","","","","[dis_version]!=''","y","RH","","","","#cdi"
"dis_comp_table","discharge","","descriptive","The table below shows all post-operative complications reported across all assessments (discharge, day 30 and/or day 90). If the table is empty, no complications have been reported.","","","","","","","","","","","","","#inf"
"dis_comp_table_current","discharge","","radio","Is the operative complications table up to date and correct?","1, Yes | 0, No","Form completion details","","","","","[dis_version]!=''","y","RH","","","","#cdi"
"dis_completed_by","discharge","","sql","Form completed by:","","","","","","","[dis_version]!=''","y","","","","","#cdi"
"dis_completed_dt","discharge","","text","Date:","","","date_dmy","[baseline_arm_1][iop_op_end_dt]","today","","[dis_version]!=''","y","","","","","#cdi | // Min: Date of Index Operation ended:, Max: today \\"
"pop_dis_q_complete_i","discharge","","descriptive","Please ensure the participant's Discharge questionnaires are completed","","","","","","","[baseline_arm_1][cntct_questionnaires_pref]!='' and [baseline_arm_1][cntct_questionnaires_pref]>=3 and (","","","","","","#inf"
"dis_send_q_yn","discharge","","radio","Do you want to send the participant a link to complete Discharge questionnaires?","1, Yes | 0, No","","","","","","[dis_version]!=''","","RH","","","","#adm"
"dis_send_q_yn_i","discharge","","descriptive","[dis_send_q_yn:field-label] {dis_send_q_yn:icons}","","","","","","","[dis_version]!=''","","","","","","#emb"
"dis_stdfooter","discharge","","descriptive","Created by [dis_created_by] on [dis_created_dt] at [dis_created_tm]","","","","","","","","","","","","","#adm"
"dis_created_by","discharge","","text","Form created by","","","","","","","[dis_version]!=''","","","","","","#sys"
"dis_created_dt","discharge","","text","Form created date","","","date_dmy","","","","[dis_version]!=''","","","","","","#sys"
"dis_created_tm","discharge","","text","Form created time","","Form Status","time","","","","[dis_version]!=''","","","","","","#sys"
"discharge_complete","discharge","","dropdown","Complete?","0, Incomplete | 1, Unverified | 2, Complete","","","","","","","","","","","",""
"nut_o_version","nutritional_outcomes","","dropdown","FORMAP Form Version","0, Dev | 1, 1.0","","","","","","[nut_o_version]!=''","","","","","","#sys"
"nut_o_stdhr","nutritional_outcomes","","descriptive","Participant Trial Number [first-event-name][record_id] Participating site [record-dag-label]","","","","","","","","","","","","","#inf"
"nut_o_form_title","nutritional_outcomes","","descriptive","Nutritional Outcomes Form v[nut_o_version]","","","","","","","","","","","","","#inf"
"nut_o_1_i","nutritional_outcomes","","descriptive","This form should be completed at discharge or 30 days post operation, if the patient has not yet been discharged.","","","","","","","","","","","","","#inf"
"nut_o_assessment_dt","nutritional_outcomes","","text","Date of Assessment:","","Weight","date_dmy","[baseline_arm_1][iop_op_end_dt]","today","","[nut_o_version]!=''","y","","","","","#cdi | // Min: Date of Index Operation ended:, Max: today \\"
"nut_o_weight_reported","nutritional_outcomes","","dropdown","Weight reported in:","1, Kilograms | 2, Stones & Pounds","","","","","","[nut_o_version]!=''","y","","","","","#cdi"
"nut_o_weight_kg","nutritional_outcomes","","text","Weight (in kgs):","","","number","30","180","","[nut_o_weight_reported]='1'","y","","","","","#cdi"
"nut_o_weight_st","nutritional_outcomes","","text","Weight (in st and lb): Stone","","","integer","5","28","","[nut_o_weight_reported]='2'","y","","","","","#cdi"
"nut_o_weight_lb","nutritional_outcomes","","text","Weight (in st and lb): Pounds","","","integer","0","13","","[nut_o_weight_reported]='2'","y","","","","","#cdi"
"nut_o_recorded_dt","nutritional_outcomes","","text","Date weight recorded:","","Line details","date_dmy","[baseline_arm_1][iop_op_end_dt]","today","","[nut_o_version]!=''","y","","","","","#cdi | // Min: Date of Index Operation ended:, Max: today \\"
"nut_o_line_yn","nutritional_outcomes","","radio","Has a feeding line been inserted?","1, Yes | 0, No","","","","","","[nut_o_version]!=''","y","RH","","","","#cdi #UNBLINDING#"
"nut_o_line_dttm","nutritional_outcomes","","text","Date and time of feeding line insertion:","","","datetime_dmy","[baseline_arm_1][cae_consent_rec_dt]","now","","[nut_o_line_yn]='1'","y","","","","","#cdi #UNBLINDING# | // Min: Date [cae_term3] was received, Max: now \\"
"nut_o_line_type","nutritional_outcomes","","dropdown","Type of feeding line inserted:","1, Peripherally inserted central cannula (PICC) | 2, Central Venous Catheter (CVC) | 99, Other","","","","","","[nut_o_line_yn]='1'","y","","","","","#cdi #UNBLINDING#"
"nut_o_line_type_oth","nutritional_outcomes","","text","Please specify other type of feeding line inserted:","","","","","","","[nut_o_line_type]='99'","y","","","","","#cdi #UNBLINDING#"
"nut_o_no_line_rsn","nutritional_outcomes","","dropdown","This participant was randomised to receive Early parenteral nutrition started within 48 hours of emergency laparotomy/laparoscopy. However, from the information provided the participant did not have a feeding line inserted. Please provide the reason for no feeding line insertion:","1, No line service available | 2, Therapeutically anticoagulated | 3, Participant unwilling to have line inserted | 99, Other","","","","","","[baseline_arm_1][rand_allocation]='1' AND [nut_o_line_yn]='0'","y","","","","","#cdi #UNBLINDING#"
"nut_o_no_line_rsn_oth","nutritional_outcomes","","textarea","Please specify other reason for no feeding line insertion below:","","Parenteral Nutrition (PN) details","","","","","[nut_o_no_line_rsn]='99'","y","","","","","#cdi #UNBLINDING#"
"nut_o_pn_yn","nutritional_outcomes","","radio","Was the participant given Parenteral Nutrition?","1, Yes | 0, No","","","","","","[nut_o_line_yn]='1'","y","RH","","","","#cdi #UNBLINDING#"
"nut_o_pn_start_dttm","nutritional_outcomes","","text","Date and time Parenteral Nutrition started:","","","datetime_dmy","[baseline_arm_1][iop_op_end_dttm]","now","","[nut_o_pn_yn]='1'","y","","","","","#cdi #UNBLINDING# | // Min: Date and time of Index Operation ended:, Max: now \\"
"nut_o_pn_late_rsn","nutritional_outcomes","","textarea","This participant was randomised to receive Early parenteral nutrition started within 48 hours of emergency laparotomy/laparoscopy. However, from the information provided, did not start early parenteral nutrition within 48 hours of the operation. Please provide the reason below:","","","","","","","[baseline_arm_1][rand_allocation]='1' AND (datediff([baseline_arm_1][iop_op_end_dt], [nut_o_pn_start_dttm], 'h', true)>48 OR [nut_o_pn_yn]='0')","y","","","","","#cdi #UNBLINDING# | #BLINDING"
"nut_o_pn_early_rsn","nutritional_outcomes","","textarea","This participant was randomised to receive Standard nutritional care, following emergency laparotomy/laparoscopy. Based on the the information provided the participant started parenteral nutrition within 5 days of the operation, please provide the reason below:","","","","","","","[baseline_arm_1][rand_allocation]='2' AND datediff([baseline_arm_1][iop_op_end_dt], [nut_o_pn_start_dttm], 'h', true)<120","y","","","","","#cdi #UNBLINDING#"
"nut_o_pn_stop_dttm","nutritional_outcomes","","text","Date and time Parenteral Nutrition stopped:","","","datetime_dmy","[baseline_arm_1][iop_op_end_dt]","now","","[nut_o_pn_yn]='1'","y","","","","","#cdi #UNBLINDING# | // Min: Date of Index Operation ended:, Max: now \\"
"nut_o_pn_pause_yn","nutritional_outcomes","","radio","Was their an unplanned pause in Parenteral Nutrition?","1, Yes | 0, No","","","","","","[nut_o_pn_yn]='1'","y","RH","","","","#cdi #UNBLINDING#"
"nut_o_pn_pause_dur_i","nutritional_outcomes","","descriptive","How long was the unplanned pause for?","","* must provide value Hours: {nut_o_pn_pause_dur_h:icons} Minutes: {nut_o_pn_pause_dur_m:icons}","","","","","[nut_o_pn_pause_yn]='1'","","","","","","#cdi"
"nut_o_pn_pause_dur_h","nutritional_outcomes","","text","How long was the unplanned pause for? Hours","","","integer","0","72","","[nut_o_pn_pause_yn]='1'","y","","","","","#cdi #UNBLINDING#"
"nut_o_pn_pause_dur_m","nutritional_outcomes","","text","How long was the unplanned pause for? Minutes","","","integer","0","59","","[nut_o_pn_pause_yn]='1'","y","","","","","#cdi #UNBLINDING#"
"nut_o_pn_stoppage_yn","nutritional_outcomes","","radio","Was there an unplanned stoppage in Parenteral Nutrition?","1, Yes | 0, No","","","","","","[nut_o_pn_yn]='1'","y","RH","","","","#cdi #UNBLINDING#"
"nut_o_pn_dur","nutritional_outcomes","","calc","Total duration of Parenteral Nutrition use:","","Days (rounded up)","","","","","[nut_o_pn_yn]='1'","y","","","","","#cdi #UNBLINDING#"
"nut_o_pn_calories_1","nutritional_outcomes","","text","DAY 1 - Daily calories administered by Parenteral Nutrition: (per day of use)","","","integer","1","3000","","[nut_o_pn_dur]>=1","y","","","","","#cdi #UNBLINDING#"
"nut_o_pn_bags_1","nutritional_outcomes","","text","DAY 1 - Number of bags Parenteral Nutrition used: (per day of use)","","","integer","1","5","","[nut_o_pn_dur]>=1","y","","","","","#cdi #UNBLINDING#"
"nut_o_pn_calories_2","nutritional_outcomes","","text","DAY 2 - Daily calories administered by Parenteral Nutrition: (per day of use)","","","integer","1","3000","","[nut_o_pn_dur]>=2","y","","","","","#cdi #UNBLINDING#"
"nut_o_pn_bags_2","nutritional_outcomes","","text","DAY 2 - Number of bags Parenteral Nutrition used: (per day of use)","","","integer","1","5","","[nut_o_pn_dur]>=2","y","","","","","#cdi #UNBLINDING#"
"nut_o_pn_calories_3","nutritional_outcomes","","text","DAY 3 - Daily calories administered by Parenteral Nutrition: (per day of use)","","","integer","1","3000","","[nut_o_pn_dur]>=3","y","","","","","#cdi #UNBLINDING#"
"nut_o_pn_bags_3","nutritional_outcomes","","text","DAY 3 - Number of bags Parenteral Nutrition used: (per day of use)","","","integer","1","5","","[nut_o_pn_dur]>=3","y","","","","","#cdi #UNBLINDING#"
"nut_o_pn_calories_4","nutritional_outcomes","","text","DAY 4 - Daily calories administered by Parenteral Nutrition: (per day of use)","","","integer","1","3000","","[nut_o_pn_dur]>=4","y","","","","","#cdi #UNBLINDING#"
"nut_o_pn_bags_4","nutritional_outcomes","","text","DAY 4 - Number of bags Parenteral Nutrition used: (per day of use)","","","integer","1","5","","[nut_o_pn_dur]>=4","y","","","","","#cdi #UNBLINDING#"
"nut_o_pn_calories_5","nutritional_outcomes","","text","DAY 5 - Daily calories administered by Parenteral Nutrition: (per day of use)","","","integer","1","3000","","[nut_o_pn_dur]>=5","y","","","","","#cdi #UNBLINDING#"
"nut_o_pn_bags_5","nutritional_outcomes","","text","DAY 5 - Number of bags Parenteral Nutrition used: (per day of use)","","","integer","1","5","","[nut_o_pn_dur]>=5","y","","","","","#cdi #UNBLINDING#"
"nut_o_pn_calories_6","nutritional_outcomes","","text","DAY 6 - Daily calories administered by Parenteral Nutrition: (per day of use)","","","integer","1","3000","","[nut_o_pn_dur]>=6","y","","","","","#cdi #UNBLINDING#"
"nut_o_pn_bags_6","nutritional_outcomes","","text","DAY 6 - Number of bags Parenteral Nutrition used: (per day of use)","","","integer","1","5","","[nut_o_pn_dur]>=6","y","","","","","#cdi #UNBLINDING#"
"nut_o_pn_calories_7","nutritional_outcomes","","text","DAY 7 - Daily calories administered by Parenteral Nutrition: (per day of use)","","","integer","1","3000","","[nut_o_pn_dur]>=7","y","","","","","#cdi #UNBLINDING#"
"nut_o_pn_bags_7","nutritional_outcomes","","text","DAY 7 - Number of bags Parenteral Nutrition used: (per day of use)","","","integer","1","5","","[nut_o_pn_dur]>=7","y","","","","","#cdi #UNBLINDING#"
"nut_o_pn_calories_8","nutritional_outcomes","","text","DAY 8 - Daily calories administered by Parenteral Nutrition: (per day of use)","","","integer","1","3000","","[nut_o_pn_dur]>=8","y","","","","","#cdi #UNBLINDING#"
"nut_o_pn_bags_8","nutritional_outcomes","","text","DAY 8 - Number of bags Parenteral Nutrition used: (per day of use)","","","integer","1","5","","[nut_o_pn_dur]>=8","y","","","","","#cdi #UNBLINDING#"
"nut_o_pn_calories_9","nutritional_outcomes","","text","DAY 9 - Daily calories administered by Parenteral Nutrition: (per day of use)","","","integer","1","3000","","[nut_o_pn_dur]>=9","y","","","","","#cdi #UNBLINDING#"
"nut_o_pn_bags_9","nutritional_outcomes","","text","DAY 9 - Number of bags Parenteral Nutrition used: (per day of use)","","","integer","1","5","","[nut_o_pn_dur]>=9","y","","","","","#cdi #UNBLINDING#"
"nut_o_pn_calories_10","nutritional_outcomes","","text","DAY 10 - Daily calories administered by Parenteral Nutrition: (per day of use)","","","integer","1","3000","","[nut_o_pn_dur]>=10","y","","","","","#cdi #UNBLINDING#"
"nut_o_pn_bags_10","nutritional_outcomes","","text","DAY 10 - Number of bags Parenteral Nutrition used: (per day of use)","","","integer","1","5","","[nut_o_pn_dur]>=10","y","","","","","#cdi #UNBLINDING#"
"nut_o_pn_calories_11","nutritional_outcomes","","text","DAY 11 - Daily calories administered by Parenteral Nutrition: (per day of use)","","","integer","1","3000","","[nut_o_pn_dur]>=11","y","","","","","#cdi #UNBLINDING#"
"nut_o_pn_bags_11","nutritional_outcomes","","text","DAY 11 - Number of bags Parenteral Nutrition used: (per day of use)","","","integer","1","5","","[nut_o_pn_dur]>=11","y","","","","","#cdi #UNBLINDING#"
"nut_o_pn_calories_12","nutritional_outcomes","","text","DAY 12 - Daily calories administered by Parenteral Nutrition: (per day of use)","","","integer","1","3000","","[nut_o_pn_dur]>=12","y","","","","","#cdi #UNBLINDING#"
"nut_o_pn_bags_12","nutritional_outcomes","","text","DAY 12 - Number of bags Parenteral Nutrition used: (per day of use)","","","integer","1","5","","[nut_o_pn_dur]>=12","y","","","","","#cdi #UNBLINDING#"
"nut_o_pn_calories_13","nutritional_outcomes","","text","DAY 13 - Daily calories administered by Parenteral Nutrition: (per day of use)","","","integer","1","3000","","[nut_o_pn_dur]>=13","y","","","","","#cdi #UNBLINDING#"
"nut_o_pn_bags_13","nutritional_outcomes","","text","DAY 13 - Number of bags Parenteral Nutrition used: (per day of use)","","","integer","1","5","","[nut_o_pn_dur]>=13","y","","","","","#cdi #UNBLINDING#"
"nut_o_pn_calories_14","nutritional_outcomes","","text","DAY 14 - Daily calories administered by Parenteral Nutrition: (per day of use)","","","integer","1","3000","","[nut_o_pn_dur]>=14","y","","","","","#cdi #UNBLINDING#"
"nut_o_pn_bags_14","nutritional_outcomes","","text","DAY 14 - Number of bags Parenteral Nutrition used: (per day of use)","","","integer","1","5","","[nut_o_pn_dur]>=14","y","","","","","#cdi #UNBLINDING#"
"nut_o_pn_calories_15","nutritional_outcomes","","text","DAY 15 - Daily calories administered by Parenteral Nutrition: (per day of use)","","","integer","1","3000","","[nut_o_pn_dur]>=15","y","","","","","#cdi #UNBLINDING#"
"nut_o_pn_bags_15","nutritional_outcomes","","text","DAY 15 - Number of bags Parenteral Nutrition used: (per day of use)","","","integer","1","5","","[nut_o_pn_dur]>=15","y","","","","","#cdi #UNBLINDING#"
"nut_o_pn_calories_16","nutritional_outcomes","","text","DAY 16 - Daily calories administered by Parenteral Nutrition: (per day of use)","","","integer","1","3000","","[nut_o_pn_dur]>=16","y","","","","","#cdi #UNBLINDING#"
"nut_o_pn_bags_16","nutritional_outcomes","","text","DAY 16 - Number of bags Parenteral Nutrition used: (per day of use)","","","integer","1","5","","[nut_o_pn_dur]>=16","y","","","","","#cdi #UNBLINDING#"
"nut_o_pn_calories_17","nutritional_outcomes","","text","DAY 17 - Daily calories administered by Parenteral Nutrition: (per day of use)","","","integer","1","3000","","[nut_o_pn_dur]>=17","y","","","","","#cdi #UNBLINDING#"
"nut_o_pn_bags_17","nutritional_outcomes","","text","DAY 17 - Number of bags Parenteral Nutrition used: (per day of use)","","","integer","1","5","","[nut_o_pn_dur]>=17","y","","","","","#cdi #UNBLINDING#"
"nut_o_pn_calories_18","nutritional_outcomes","","text","DAY 18 - Daily calories administered by Parenteral Nutrition: (per day of use)","","","integer","1","3000","","[nut_o_pn_dur]>=18","y","","","","","#cdi #UNBLINDING#"
"nut_o_pn_bags_18","nutritional_outcomes","","text","DAY 18 - Number of bags Parenteral Nutrition used: (per day of use)","","","integer","1","5","","[nut_o_pn_dur]>=18","y","","","","","#cdi #UNBLINDING#"
"nut_o_pn_calories_19","nutritional_outcomes","","text","DAY 19 - Daily calories administered by Parenteral Nutrition: (per day of use)","","","integer","1","3000","","[nut_o_pn_dur]>=19","y","","","","","#cdi #UNBLINDING#"
"nut_o_pn_bags_19","nutritional_outcomes","","text","DAY 19 - Number of bags Parenteral Nutrition used: (per day of use)","","","integer","1","5","","[nut_o_pn_dur]>=19","y","","","","","#cdi #UNBLINDING#"
"nut_o_pn_calories_20","nutritional_outcomes","","text","DAY 20 - Daily calories administered by Parenteral Nutrition: (per day of use)","","","integer","1","3000","","[nut_o_pn_dur]>=20","y","","","","","#cdi #UNBLINDING#"
"nut_o_pn_bags_20","nutritional_outcomes","","text","DAY 20 - Number of bags Parenteral Nutrition used: (per day of use)","","","integer","1","5","","[nut_o_pn_dur]>=20","y","","","","","#cdi #UNBLINDING#"
"nut_o_pn_calories_21","nutritional_outcomes","","text","DAY 21 - Daily calories administered by Parenteral Nutrition: (per day of use)","","","integer","1","3000","","[nut_o_pn_dur]>=21","y","","","","","#cdi #UNBLINDING#"
"nut_o_pn_bags_21","nutritional_outcomes","","text","DAY 21 - Number of bags Parenteral Nutrition used: (per day of use)","","","integer","1","5","","[nut_o_pn_dur]>=21","y","","","","","#cdi #UNBLINDING#"
"nut_o_pn_calories_22","nutritional_outcomes","","text","DAY 22 - Daily calories administered by Parenteral Nutrition: (per day of use)","","","integer","1","3000","","[nut_o_pn_dur]>=22","y","","","","","#cdi #UNBLINDING#"
"nut_o_pn_bags_22","nutritional_outcomes","","text","DAY 22 - Number of bags Parenteral Nutrition used: (per day of use)","","","integer","1","5","","[nut_o_pn_dur]>=22","y","","","","","#cdi #UNBLINDING#"
"nut_o_pn_calories_23","nutritional_outcomes","","text","DAY 23 - Daily calories administered by Parenteral Nutrition: (per day of use)","","","integer","1","3000","","[nut_o_pn_dur]>=23","y","","","","","#cdi #UNBLINDING#"
"nut_o_pn_bags_23","nutritional_outcomes","","text","DAY 23 - Number of bags Parenteral Nutrition used: (per day of use)","","","integer","1","5","","[nut_o_pn_dur]>=23","y","","","","","#cdi #UNBLINDING#"
"nut_o_pn_calories_24","nutritional_outcomes","","text","DAY 24 - Daily calories administered by Parenteral Nutrition: (per day of use)","","","integer","1","3000","","[nut_o_pn_dur]>=24","y","","","","","#cdi #UNBLINDING#"
"nut_o_pn_bags_24","nutritional_outcomes","","text","DAY 24 - Number of bags Parenteral Nutrition used: (per day of use)","","","integer","1","5","","[nut_o_pn_dur]>=24","y","","","","","#cdi #UNBLINDING#"
"nut_o_pn_calories_25","nutritional_outcomes","","text","DAY 25 - Daily calories administered by Parenteral Nutrition: (per day of use)","","","integer","1","3000","","[nut_o_pn_dur]>=25","y","","","","","#cdi #UNBLINDING#"
"nut_o_pn_bags_25","nutritional_outcomes","","text","DAY 25 - Number of bags Parenteral Nutrition used: (per day of use)","","","integer","1","5","","[nut_o_pn_dur]>=25","y","","","","","#cdi #UNBLINDING#"
"nut_o_pn_calories_26","nutritional_outcomes","","text","DAY 26 - Daily calories administered by Parenteral Nutrition: (per day of use)","","","integer","1","3000","","[nut_o_pn_dur]>=26","y","","","","","#cdi #UNBLINDING#"
"nut_o_pn_bags_26","nutritional_outcomes","","text","DAY 26 - Number of bags Parenteral Nutrition used: (per day of use)","","","integer","1","5","","[nut_o_pn_dur]>=26","y","","","","","#cdi #UNBLINDING#"
"nut_o_pn_calories_27","nutritional_outcomes","","text","DAY 27 - Daily calories administered by Parenteral Nutrition: (per day of use)","","","integer","1","3000","","[nut_o_pn_dur]>=27","y","","","","","#cdi #UNBLINDING#"
"nut_o_pn_bags_27","nutritional_outcomes","","text","DAY 27 - Number of bags Parenteral Nutrition used: (per day of use)","","","integer","1","5","","[nut_o_pn_dur]>=27","y","","","","","#cdi #UNBLINDING#"
"nut_o_pn_calories_28","nutritional_outcomes","","text","DAY 28 - Daily calories administered by Parenteral Nutrition: (per day of use)","","","integer","1","3000","","[nut_o_pn_dur]>=28","y","","","","","#cdi #UNBLINDING#"
"nut_o_pn_bags_28","nutritional_outcomes","","text","DAY 28 - Number of bags Parenteral Nutrition used: (per day of use)","","","integer","1","5","","[nut_o_pn_dur]>=28","y","","","","","#cdi #UNBLINDING#"
"nut_o_pn_calories_29","nutritional_outcomes","","text","DAY 29 - Daily calories administered by Parenteral Nutrition: (per day of use)","","","integer","1","3000","","[nut_o_pn_dur]>=29","y","","","","","#cdi #UNBLINDING#"
"nut_o_pn_bags_29","nutritional_outcomes","","text","DAY 29 - Number of bags Parenteral Nutrition used: (per day of use)","","","integer","1","5","","[nut_o_pn_dur]>=29","y","","","","","#cdi #UNBLINDING#"
"nut_o_pn_calories_30","nutritional_outcomes","","text","DAY 30 - Daily calories administered by Parenteral Nutrition: (per day of use)","","","integer","1","3000","","[nut_o_pn_dur]>=30","y","","","","","#cdi #UNBLINDING#"
"nut_o_pn_bags_30","nutritional_outcomes","","text","DAY 30 - Number of bags Parenteral Nutrition used: (per day of use)","","","integer","1","5","","[nut_o_pn_dur]>=30","y","","","","","#cdi #UNBLINDING#"
"nut_o_pn_calories_31","nutritional_outcomes","","text","DAY 31 - Daily calories administered by Parenteral Nutrition: (per day of use)","","","integer","1","3000","","[nut_o_pn_dur]>=31","y","","","","","#cdi #UNBLINDING#"
"nut_o_pn_bags_31","nutritional_outcomes","","text","DAY 31 - Number of bags Parenteral Nutrition used: (per day of use)","","","integer","1","5","","[nut_o_pn_dur]>=31","y","","","","","#cdi #UNBLINDING#"
"nut_o_pn_calories_32","nutritional_outcomes","","text","DAY 32 - Daily calories administered by Parenteral Nutrition: (per day of use)","","","integer","1","3000","","[nut_o_pn_dur]>=32","y","","","","","#cdi #UNBLINDING#"
"nut_o_pn_bags_32","nutritional_outcomes","","text","DAY 32 - Number of bags Parenteral Nutrition used: (per day of use)","","","integer","1","5","","[nut_o_pn_dur]>=32","y","","","","","#cdi #UNBLINDING#"
"nut_o_pn_calories_33","nutritional_outcomes","","text","DAY 33 - Daily calories administered by Parenteral Nutrition: (per day of use)","","","integer","1","3000","","[nut_o_pn_dur]>=33","y","","","","","#cdi #UNBLINDING#"
"nut_o_pn_bags_33","nutritional_outcomes","","text","DAY 33 - Number of bags Parenteral Nutrition used: (per day of use)","","","integer","1","5","","[nut_o_pn_dur]>=33","y","","","","","#cdi #UNBLINDING#"
"nut_o_pn_calories_34","nutritional_outcomes","","text","DAY 34 - Daily calories administered by Parenteral Nutrition: (per day of use)","","","integer","1","3000","","[nut_o_pn_dur]>=34","y","","","","","#cdi #UNBLINDING#"
"nut_o_pn_bags_34","nutritional_outcomes","","text","DAY 34 - Number of bags Parenteral Nutrition used: (per day of use)","","","integer","1","5","","[nut_o_pn_dur]>=34","y","","","","","#cdi #UNBLINDING#"
"nut_o_pn_calories_35","nutritional_outcomes","","text","DAY 35 - Daily calories administered by Parenteral Nutrition: (per day of use)","","","integer","1","3000","","[nut_o_pn_dur]>=35","y","","","","","#cdi #UNBLINDING#"
"nut_o_pn_bags_35","nutritional_outcomes","","text","DAY 35 - Number of bags Parenteral Nutrition used: (per day of use)","","","integer","1","5","","[nut_o_pn_dur]>=35","y","","","","","#cdi #UNBLINDING#"
"nut_o_pn_calories_36","nutritional_outcomes","","text","DAY 36 - Daily calories administered by Parenteral Nutrition: (per day of use)","","","integer","1","3000","","[nut_o_pn_dur]>=36","y","","","","","#cdi #UNBLINDING#"
"nut_o_pn_bags_36","nutritional_outcomes","","text","DAY 36 - Number of bags Parenteral Nutrition used: (per day of use)","","","integer","1","5","","[nut_o_pn_dur]>=36","y","","","","","#cdi #UNBLINDING#"
"nut_o_pn_calories_37","nutritional_outcomes","","text","DAY 37 - Daily calories administered by Parenteral Nutrition: (per day of use)","","","integer","1","3000","","[nut_o_pn_dur]>=37","y","","","","","#cdi #UNBLINDING#"
"nut_o_pn_bags_37","nutritional_outcomes","","text","DAY 37 - Number of bags Parenteral Nutrition used: (per day of use)","","","integer","1","5","","[nut_o_pn_dur]>=37","y","","","","","#cdi #UNBLINDING#"
"nut_o_pn_calories_38","nutritional_outcomes","","text","DAY 38 - Daily calories administered by Parenteral Nutrition: (per day of use)","","","integer","1","3000","","[nut_o_pn_dur]>=38","y","","","","","#cdi #UNBLINDING#"
"nut_o_pn_bags_38","nutritional_outcomes","","text","DAY 38 - Number of bags Parenteral Nutrition used: (per day of use)","","","integer","1","5","","[nut_o_pn_dur]>=38","y","","","","","#cdi #UNBLINDING#"
"nut_o_pn_calories_39","nutritional_outcomes","","text","DAY 39 - Daily calories administered by Parenteral Nutrition: (per day of use)","","","integer","1","3000","","[nut_o_pn_dur]>=39","y","","","","","#cdi #UNBLINDING#"
"nut_o_pn_bags_39","nutritional_outcomes","","text","DAY 39 - Number of bags Parenteral Nutrition used: (per day of use)","","","integer","1","5","","[nut_o_pn_dur]>=39","y","","","","","#cdi #UNBLINDING#"
"nut_o_pn_calories_40","nutritional_outcomes","","text","DAY 40 - Daily calories administered by Parenteral Nutrition: (per day of use)","","","integer","1","3000","","[nut_o_pn_dur]>=40","y","","","","","#cdi #UNBLINDING#"
"nut_o_pn_bags_40","nutritional_outcomes","","text","DAY 40 - Number of bags Parenteral Nutrition used: (per day of use)","","","integer","1","5","","[nut_o_pn_dur]>=40","y","","","","","#cdi #UNBLINDING#"
"nut_o_pn_calories_41","nutritional_outcomes","","text","DAY 41 - Daily calories administered by Parenteral Nutrition: (per day of use)","","","integer","1","3000","","[nut_o_pn_dur]>=41","y","","","","","#cdi #UNBLINDING#"
"nut_o_pn_bags_41","nutritional_outcomes","","text","DAY 41 - Number of bags Parenteral Nutrition used: (per day of use)","","","integer","1","5","","[nut_o_pn_dur]>=41","y","","","","","#cdi #UNBLINDING#"
"nut_o_pn_calories_42","nutritional_outcomes","","text","DAY 42 - Daily calories administered by Parenteral Nutrition: (per day of use)","","","integer","1","3000","","[nut_o_pn_dur]>=42","y","","","","","#cdi #UNBLINDING#"
"nut_o_pn_bags_42","nutritional_outcomes","","text","DAY 42 - Number of bags Parenteral Nutrition used: (per day of use)","","","integer","1","5","","[nut_o_pn_dur]>=42","y","","","","","#cdi #UNBLINDING#"
"nut_o_pn_calories_43","nutritional_outcomes","","text","DAY 43 - Daily calories administered by Parenteral Nutrition: (per day of use)","","","integer","1","3000","","[nut_o_pn_dur]>=43","y","","","","","#cdi #UNBLINDING#"
"nut_o_pn_bags_43","nutritional_outcomes","","text","DAY 43 - Number of bags Parenteral Nutrition used: (per day of use)","","","integer","1","5","","[nut_o_pn_dur]>=43","y","","","","","#cdi #UNBLINDING#"
"nut_o_pn_calories_44","nutritional_outcomes","","text","DAY 44 - Daily calories administered by Parenteral Nutrition: (per day of use)","","","integer","1","3000","","[nut_o_pn_dur]>=44","y","","","","","#cdi #UNBLINDING#"
"nut_o_pn_bags_44","nutritional_outcomes","","text","DAY 44 - Number of bags Parenteral Nutrition used: (per day of use)","","","integer","1","5","","[nut_o_pn_dur]>=44","y","","","","","#cdi #UNBLINDING#"
"nut_o_pn_calories_45","nutritional_outcomes","","text","DAY 45 - Daily calories administered by Parenteral Nutrition: (per day of use)","","","integer","1","3000","","[nut_o_pn_dur]>=45","y","","","","","#cdi #UNBLINDING#"
"nut_o_pn_bags_45","nutritional_outcomes","","text","DAY 45 - Number of bags Parenteral Nutrition used: (per day of use)","","","integer","1","5","","[nut_o_pn_dur]>=45","y","","","","","#cdi #UNBLINDING#"
"nut_o_pn_calories_46","nutritional_outcomes","","text","DAY 46 - Daily calories administered by Parenteral Nutrition: (per day of use)","","","integer","1","3000","","[nut_o_pn_dur]>=46","y","","","","","#cdi #UNBLINDING#"
"nut_o_pn_bags_46","nutritional_outcomes","","text","DAY 46 - Number of bags Parenteral Nutrition used: (per day of use)","","","integer","1","5","","[nut_o_pn_dur]>=46","y","","","","","#cdi #UNBLINDING#"
"nut_o_pn_calories_47","nutritional_outcomes","","text","DAY 47 - Daily calories administered by Parenteral Nutrition: (per day of use)","","","integer","1","3000","","[nut_o_pn_dur]>=47","y","","","","","#cdi #UNBLINDING#"
"nut_o_pn_bags_47","nutritional_outcomes","","text","DAY 47 - Number of bags Parenteral Nutrition used: (per day of use)","","","integer","1","5","","[nut_o_pn_dur]>=47","y","","","","","#cdi #UNBLINDING#"
"nut_o_pn_calories_48","nutritional_outcomes","","text","DAY 48 - Daily calories administered by Parenteral Nutrition: (per day of use)","","","integer","1","3000","","[nut_o_pn_dur]>=48","y","","","","","#cdi #UNBLINDING#"
"nut_o_pn_bags_48","nutritional_outcomes","","text","DAY 48 - Number of bags Parenteral Nutrition used: (per day of use)","","","integer","1","5","","[nut_o_pn_dur]>=48","y","","","","","#cdi #UNBLINDING#"
"nut_o_pn_calories_49","nutritional_outcomes","","text","DAY 49 - Daily calories administered by Parenteral Nutrition: (per day of use)","","","integer","1","3000","","[nut_o_pn_dur]>=49","y","","","","","#cdi #UNBLINDING#"
"nut_o_pn_bags_49","nutritional_outcomes","","text","DAY 49 - Number of bags Parenteral Nutrition used: (per day of use)","","","integer","1","5","","[nut_o_pn_dur]>=49","y","","","","","#cdi #UNBLINDING#"
"nut_o_pn_calories_50","nutritional_outcomes","","text","DAY 50 - Daily calories administered by Parenteral Nutrition: (per day of use)","","","integer","1","3000","","[nut_o_pn_dur]>=50","y","","","","","#cdi #UNBLINDING#"
"nut_o_pn_bags_50","nutritional_outcomes","","text","DAY 50 - Number of bags Parenteral Nutrition used: (per day of use)","","","integer","1","5","","[nut_o_pn_dur]>=50","y","","","","","#cdi #UNBLINDING#"
"nut_o_pn_calories_51","nutritional_outcomes","","text","DAY 51 - Daily calories administered by Parenteral Nutrition: (per day of use)","","","integer","1","3000","","[nut_o_pn_dur]>=51","y","","","","","#cdi #UNBLINDING#"
"nut_o_pn_bags_51","nutritional_outcomes","","text","DAY 51 - Number of bags Parenteral Nutrition used: (per day of use)","","","integer","1","5","","[nut_o_pn_dur]>=51","y","","","","","#cdi #UNBLINDING#"
"nut_o_pn_calories_52","nutritional_outcomes","","text","DAY 52 - Daily calories administered by Parenteral Nutrition: (per day of use)","","","integer","1","3000","","[nut_o_pn_dur]>=52","y","","","","","#cdi #UNBLINDING#"
"nut_o_pn_bags_52","nutritional_outcomes","","text","DAY 52 - Number of bags Parenteral Nutrition used: (per day of use)","","","integer","1","5","","[nut_o_pn_dur]>=52","y","","","","","#cdi #UNBLINDING#"
"nut_o_pn_calories_53","nutritional_outcomes","","text","DAY 53 - Daily calories administered by Parenteral Nutrition: (per day of use)","","","integer","1","3000","","[nut_o_pn_dur]>=53","y","","","","","#cdi #UNBLINDING#"
"nut_o_pn_bags_53","nutritional_outcomes","","text","DAY 53 - Number of bags Parenteral Nutrition used: (per day of use)","","","integer","1","5","","[nut_o_pn_dur]>=53","y","","","","","#cdi #UNBLINDING#"
"nut_o_pn_calories_54","nutritional_outcomes","","text","DAY 54 - Daily calories administered by Parenteral Nutrition: (per day of use)","","","integer","1","3000","","[nut_o_pn_dur]>=54","y","","","","","#cdi #UNBLINDING#"
"nut_o_pn_bags_54","nutritional_outcomes","","text","DAY 54 - Number of bags Parenteral Nutrition used: (per day of use)","","","integer","1","5","","[nut_o_pn_dur]>=54","y","","","","","#cdi #UNBLINDING#"
"nut_o_pn_calories_55","nutritional_outcomes","","text","DAY 55 - Daily calories administered by Parenteral Nutrition: (per day of use)","","","integer","1","3000","","[nut_o_pn_dur]>=55","y","","","","","#cdi #UNBLINDING#"
"nut_o_pn_bags_55","nutritional_outcomes","","text","DAY 55 - Number of bags Parenteral Nutrition used: (per day of use)","","","integer","1","5","","[nut_o_pn_dur]>=55","y","","","","","#cdi #UNBLINDING#"
"nut_o_pn_calories_56","nutritional_outcomes","","text","DAY 56 - Daily calories administered by Parenteral Nutrition: (per day of use)","","","integer","1","3000","","[nut_o_pn_dur]>=56","y","","","","","#cdi #UNBLINDING#"
"nut_o_pn_bags_56","nutritional_outcomes","","text","DAY 56 - Number of bags Parenteral Nutrition used: (per day of use)","","","integer","1","5","","[nut_o_pn_dur]>=56","y","","","","","#cdi #UNBLINDING#"
"nut_o_pn_calories_57","nutritional_outcomes","","text","DAY 57 - Daily calories administered by Parenteral Nutrition: (per day of use)","","","integer","1","3000","","[nut_o_pn_dur]>=57","y","","","","","#cdi #UNBLINDING#"
"nut_o_pn_bags_57","nutritional_outcomes","","text","DAY 57 - Number of bags Parenteral Nutrition used: (per day of use)","","","integer","1","5","","[nut_o_pn_dur]>=57","y","","","","","#cdi #UNBLINDING#"
"nut_o_pn_calories_58","nutritional_outcomes","","text","DAY 58 - Daily calories administered by Parenteral Nutrition: (per day of use)","","","integer","1","3000","","[nut_o_pn_dur]>=58","y","","","","","#cdi #UNBLINDING#"
"nut_o_pn_bags_58","nutritional_outcomes","","text","DAY 58 - Number of bags Parenteral Nutrition used: (per day of use)","","","integer","1","5","","[nut_o_pn_dur]>=58","y","","","","","#cdi #UNBLINDING#"
"nut_o_pn_calories_59","nutritional_outcomes","","text","DAY 59 - Daily calories administered by Parenteral Nutrition: (per day of use)","","","integer","1","3000","","[nut_o_pn_dur]>=59","y","","","","","#cdi #UNBLINDING#"
"nut_o_pn_bags_59","nutritional_outcomes","","text","DAY 59 - Number of bags Parenteral Nutrition used: (per day of use)","","","integer","1","5","","[nut_o_pn_dur]>=59","y","","","","","#cdi #UNBLINDING#"
"nut_o_pn_calories_60","nutritional_outcomes","","text","DAY 60 - Daily calories administered by Parenteral Nutrition: (per day of use)","","","integer","1","3000","","[nut_o_pn_dur]>=60","y","","","","","#cdi #UNBLINDING#"
"nut_o_pn_bags_60","nutritional_outcomes","","text","DAY 60 - Number of bags Parenteral Nutrition used: (per day of use)","","","integer","1","5","","[nut_o_pn_dur]>=60","y","","","","","#cdi #UNBLINDING#"
"nut_o_pn_calories_61","nutritional_outcomes","","text","DAY 61 - Daily calories administered by Parenteral Nutrition: (per day of use)","","","integer","1","3000","","[nut_o_pn_dur]>=61","y","","","","","#cdi #UNBLINDING#"
"nut_o_pn_bags_61","nutritional_outcomes","","text","DAY 61 - Number of bags Parenteral Nutrition used: (per day of use)","","","integer","1","5","","[nut_o_pn_dur]>=61","y","","","","","#cdi #UNBLINDING#"
"nut_o_pn_calories_62","nutritional_outcomes","","text","DAY 62 - Daily calories administered by Parenteral Nutrition: (per day of use)","","","integer","1","3000","","[nut_o_pn_dur]>=62","y","","","","","#cdi #UNBLINDING#"
"nut_o_pn_bags_62","nutritional_outcomes","","text","DAY 62 - Number of bags Parenteral Nutrition used: (per day of use)","","","integer","1","5","","[nut_o_pn_dur]>=62","y","","","","","#cdi #UNBLINDING#"
"nut_o_pn_calories_63","nutritional_outcomes","","text","DAY 63 - Daily calories administered by Parenteral Nutrition: (per day of use)","","","integer","1","3000","","[nut_o_pn_dur]>=63","y","","","","","#cdi #UNBLINDING#"
"nut_o_pn_bags_63","nutritional_outcomes","","text","DAY 63 - Number of bags Parenteral Nutrition used: (per day of use)","","","integer","1","5","","[nut_o_pn_dur]>=63","y","","","","","#cdi #UNBLINDING#"
"nut_o_pn_calories_64","nutritional_outcomes","","text","DAY 64 - Daily calories administered by Parenteral Nutrition: (per day of use)","","","integer","1","3000","","[nut_o_pn_dur]>=64","y","","","","","#cdi #UNBLINDING#"
"nut_o_pn_bags_64","nutritional_outcomes","","text","DAY 64 - Number of bags Parenteral Nutrition used: (per day of use)","","","integer","1","5","","[nut_o_pn_dur]>=64","y","","","","","#cdi #UNBLINDING#"
"nut_o_pn_calories_65","nutritional_outcomes","","text","DAY 65 - Daily calories administered by Parenteral Nutrition: (per day of use)","","","integer","1","3000","","[nut_o_pn_dur]>=65","y","","","","","#cdi #UNBLINDING#"
"nut_o_pn_bags_65","nutritional_outcomes","","text","DAY 65 - Number of bags Parenteral Nutrition used: (per day of use)","","","integer","1","5","","[nut_o_pn_dur]>=65","y","","","","","#cdi #UNBLINDING#"
"nut_o_pn_calories_66","nutritional_outcomes","","text","DAY 66 - Daily calories administered by Parenteral Nutrition: (per day of use)","","","integer","1","3000","","[nut_o_pn_dur]>=66","y","","","","","#cdi #UNBLINDING#"
"nut_o_pn_bags_66","nutritional_outcomes","","text","DAY 66 - Number of bags Parenteral Nutrition used: (per day of use)","","","integer","1","5","","[nut_o_pn_dur]>=66","y","","","","","#cdi #UNBLINDING#"
"nut_o_pn_calories_67","nutritional_outcomes","","text","DAY 67 - Daily calories administered by Parenteral Nutrition: (per day of use)","","","integer","1","3000","","[nut_o_pn_dur]>=67","y","","","","","#cdi #UNBLINDING#"
"nut_o_pn_bags_67","nutritional_outcomes","","text","DAY 67 - Number of bags Parenteral Nutrition used: (per day of use)","","","integer","1","5","","[nut_o_pn_dur]>=67","y","","","","","#cdi #UNBLINDING#"
"nut_o_pn_calories_68","nutritional_outcomes","","text","DAY 68 - Daily calories administered by Parenteral Nutrition: (per day of use)","","","integer","1","3000","","[nut_o_pn_dur]>=68","y","","","","","#cdi #UNBLINDING#"
"nut_o_pn_bags_68","nutritional_outcomes","","text","DAY 68 - Number of bags Parenteral Nutrition used: (per day of use)","","","integer","1","5","","[nut_o_pn_dur]>=68","y","","","","","#cdi #UNBLINDING#"
"nut_o_pn_calories_69","nutritional_outcomes","","text","DAY 69 - Daily calories administered by Parenteral Nutrition: (per day of use)","","","integer","1","3000","","[nut_o_pn_dur]>=69","y","","","","","#cdi #UNBLINDING#"
"nut_o_pn_bags_69","nutritional_outcomes","","text","DAY 69 - Number of bags Parenteral Nutrition used: (per day of use)","","","integer","1","5","","[nut_o_pn_dur]>=69","y","","","","","#cdi #UNBLINDING#"
"nut_o_pn_calories_70","nutritional_outcomes","","text","DAY 70 - Daily calories administered by Parenteral Nutrition: (per day of use)","","","integer","1","3000","","[nut_o_pn_dur]>=70","y","","","","","#cdi #UNBLINDING#"
"nut_o_pn_bags_70","nutritional_outcomes","","text","DAY 70 - Number of bags Parenteral Nutrition used: (per day of use)","","","integer","1","5","","[nut_o_pn_dur]>=70","y","","","","","#cdi #UNBLINDING#"
"nut_o_pn_calories_71","nutritional_outcomes","","text","DAY 71 - Daily calories administered by Parenteral Nutrition: (per day of use)","","","integer","1","3000","","[nut_o_pn_dur]>=71","y","","","","","#cdi #UNBLINDING#"
"nut_o_pn_bags_71","nutritional_outcomes","","text","DAY 71 - Number of bags Parenteral Nutrition used: (per day of use)","","","integer","1","5","","[nut_o_pn_dur]>=71","y","","","","","#cdi #UNBLINDING#"
"nut_o_pn_calories_72","nutritional_outcomes","","text","DAY 72 - Daily calories administered by Parenteral Nutrition: (per day of use)","","","integer","1","3000","","[nut_o_pn_dur]>=72","y","","","","","#cdi #UNBLINDING#"
"nut_o_pn_bags_72","nutritional_outcomes","","text","DAY 72 - Number of bags Parenteral Nutrition used: (per day of use)","","","integer","1","5","","[nut_o_pn_dur]>=72","y","","","","","#cdi #UNBLINDING#"
"nut_o_pn_calories_73","nutritional_outcomes","","text","DAY 73 - Daily calories administered by Parenteral Nutrition: (per day of use)","","","integer","1","3000","","[nut_o_pn_dur]>=73","y","","","","","#cdi #UNBLINDING#"
"nut_o_pn_bags_73","nutritional_outcomes","","text","DAY 73 - Number of bags Parenteral Nutrition used: (per day of use)","","","integer","1","5","","[nut_o_pn_dur]>=73","y","","","","","#cdi #UNBLINDING#"
"nut_o_pn_calories_74","nutritional_outcomes","","text","DAY 74 - Daily calories administered by Parenteral Nutrition: (per day of use)","","","integer","1","3000","","[nut_o_pn_dur]>=74","y","","","","","#cdi #UNBLINDING#"
"nut_o_pn_bags_74","nutritional_outcomes","","text","DAY 74 - Number of bags Parenteral Nutrition used: (per day of use)","","","integer","1","5","","[nut_o_pn_dur]>=74","y","","","","","#cdi #UNBLINDING#"
"nut_o_pn_calories_75","nutritional_outcomes","","text","DAY 75 - Daily calories administered by Parenteral Nutrition: (per day of use)","","","integer","1","3000","","[nut_o_pn_dur]>=75","y","","","","","#cdi #UNBLINDING#"
"nut_o_pn_bags_75","nutritional_outcomes","","text","DAY 75 - Number of bags Parenteral Nutrition used: (per day of use)","","","integer","1","5","","[nut_o_pn_dur]>=75","y","","","","","#cdi #UNBLINDING#"
"nut_o_pn_calories_76","nutritional_outcomes","","text","DAY 76 - Daily calories administered by Parenteral Nutrition: (per day of use)","","","integer","1","3000","","[nut_o_pn_dur]>=76","y","","","","","#cdi #UNBLINDING#"
"nut_o_pn_bags_76","nutritional_outcomes","","text","DAY 76 - Number of bags Parenteral Nutrition used: (per day of use)","","","integer","1","5","","[nut_o_pn_dur]>=76","y","","","","","#cdi #UNBLINDING#"
"nut_o_pn_calories_77","nutritional_outcomes","","text","DAY 77 - Daily calories administered by Parenteral Nutrition: (per day of use)","","","integer","1","3000","","[nut_o_pn_dur]>=77","y","","","","","#cdi #UNBLINDING#"
"nut_o_pn_bags_77","nutritional_outcomes","","text","DAY 77 - Number of bags Parenteral Nutrition used: (per day of use)","","","integer","1","5","","[nut_o_pn_dur]>=77","y","","","","","#cdi #UNBLINDING#"
"nut_o_pn_calories_78","nutritional_outcomes","","text","DAY 78 - Daily calories administered by Parenteral Nutrition: (per day of use)","","","integer","1","3000","","[nut_o_pn_dur]>=78","y","","","","","#cdi #UNBLINDING#"
"nut_o_pn_bags_78","nutritional_outcomes","","text","DAY 78 - Number of bags Parenteral Nutrition used: (per day of use)","","","integer","1","5","","[nut_o_pn_dur]>=78","y","","","","","#cdi #UNBLINDING#"
"nut_o_pn_calories_79","nutritional_outcomes","","text","DAY 79 - Daily calories administered by Parenteral Nutrition: (per day of use)","","","integer","1","3000","","[nut_o_pn_dur]>=79","y","","","","","#cdi #UNBLINDING#"
"nut_o_pn_bags_79","nutritional_outcomes","","text","DAY 79 - Number of bags Parenteral Nutrition used: (per day of use)","","","integer","1","5","","[nut_o_pn_dur]>=79","y","","","","","#cdi #UNBLINDING#"
"nut_o_pn_calories_80","nutritional_outcomes","","text","DAY 80 - Daily calories administered by Parenteral Nutrition: (per day of use)","","","integer","1","3000","","[nut_o_pn_dur]>=80","y","","","","","#cdi #UNBLINDING#"
"nut_o_pn_bags_80","nutritional_outcomes","","text","DAY 80 - Number of bags Parenteral Nutrition used: (per day of use)","","","integer","1","5","","[nut_o_pn_dur]>=80","y","","","","","#cdi #UNBLINDING#"
"nut_o_pn_calories_81","nutritional_outcomes","","text","DAY 81 - Daily calories administered by Parenteral Nutrition: (per day of use)","","","integer","1","3000","","[nut_o_pn_dur]>=81","y","","","","","#cdi #UNBLINDING#"
"nut_o_pn_bags_81","nutritional_outcomes","","text","DAY 81 - Number of bags Parenteral Nutrition used: (per day of use)","","","integer","1","5","","[nut_o_pn_dur]>=81","y","","","","","#cdi #UNBLINDING#"
"nut_o_pn_calories_82","nutritional_outcomes","","text","DAY 82 - Daily calories administered by Parenteral Nutrition: (per day of use)","","","integer","1","3000","","[nut_o_pn_dur]>=82","y","","","","","#cdi #UNBLINDING#"
"nut_o_pn_bags_82","nutritional_outcomes","","text","DAY 82 - Number of bags Parenteral Nutrition used: (per day of use)","","","integer","1","5","","[nut_o_pn_dur]>=82","y","","","","","#cdi #UNBLINDING#"
"nut_o_pn_calories_83","nutritional_outcomes","","text","DAY 83 - Daily calories administered by Parenteral Nutrition: (per day of use)","","","integer","1","3000","","[nut_o_pn_dur]>=83","y","","","","","#cdi #UNBLINDING#"
"nut_o_pn_bags_83","nutritional_outcomes","","text","DAY 83 - Number of bags Parenteral Nutrition used: (per day of use)","","","integer","1","5","","[nut_o_pn_dur]>=83","y","","","","","#cdi #UNBLINDING#"
"nut_o_pn_calories_84","nutritional_outcomes","","text","DAY 84 - Daily calories administered by Parenteral Nutrition: (per day of use)","","","integer","1","3000","","[nut_o_pn_dur]>=84","y","","","","","#cdi #UNBLINDING#"
"nut_o_pn_bags_84","nutritional_outcomes","","text","DAY 84 - Number of bags Parenteral Nutrition used: (per day of use)","","","integer","1","5","","[nut_o_pn_dur]>=84","y","","","","","#cdi #UNBLINDING#"
"nut_o_pn_calories_85","nutritional_outcomes","","text","DAY 85 - Daily calories administered by Parenteral Nutrition: (per day of use)","","","integer","1","3000","","[nut_o_pn_dur]>=85","y","","","","","#cdi #UNBLINDING#"
"nut_o_pn_bags_85","nutritional_outcomes","","text","DAY 85 - Number of bags Parenteral Nutrition used: (per day of use)","","","integer","1","5","","[nut_o_pn_dur]>=85","y","","","","","#cdi #UNBLINDING#"
"nut_o_pn_calories_86","nutritional_outcomes","","text","DAY 86 - Daily calories administered by Parenteral Nutrition: (per day of use)","","","integer","1","3000","","[nut_o_pn_dur]>=86","y","","","","","#cdi #UNBLINDING#"
"nut_o_pn_bags_86","nutritional_outcomes","","text","DAY 86 - Number of bags Parenteral Nutrition used: (per day of use)","","","integer","1","5","","[nut_o_pn_dur]>=86","y","","","","","#cdi #UNBLINDING#"
"nut_o_pn_calories_87","nutritional_outcomes","","text","DAY 87 - Daily calories administered by Parenteral Nutrition: (per day of use)","","","integer","1","3000","","[nut_o_pn_dur]>=87","y","","","","","#cdi #UNBLINDING#"
"nut_o_pn_bags_87","nutritional_outcomes","","text","DAY 87 - Number of bags Parenteral Nutrition used: (per day of use)","","","integer","1","5","","[nut_o_pn_dur]>=87","y","","","","","#cdi #UNBLINDING#"
"nut_o_pn_calories_88","nutritional_outcomes","","text","DAY 88 - Daily calories administered by Parenteral Nutrition: (per day of use)","","","integer","1","3000","","[nut_o_pn_dur]>=88","y","","","","","#cdi #UNBLINDING#"
"nut_o_pn_bags_88","nutritional_outcomes","","text","DAY 88 - Number of bags Parenteral Nutrition used: (per day of use)","","","integer","1","5","","[nut_o_pn_dur]>=88","y","","","","","#cdi #UNBLINDING#"
"nut_o_pn_calories_89","nutritional_outcomes","","text","DAY 89 - Daily calories administered by Parenteral Nutrition: (per day of use)","","","integer","1","3000","","[nut_o_pn_dur]>=89","y","","","","","#cdi #UNBLINDING#"
"nut_o_pn_bags_89","nutritional_outcomes","","text","DAY 89 - Number of bags Parenteral Nutrition used: (per day of use)","","","integer","1","5","","[nut_o_pn_dur]>=89","y","","","","","#cdi #UNBLINDING#"
"nut_o_pn_calories_90","nutritional_outcomes","","text","DAY 90 - Daily calories administered by Parenteral Nutrition: (per day of use)","","","integer","1","3000","","[nut_o_pn_dur]>=90","y","","","","","#cdi #UNBLINDING#"
"nut_o_pn_bags_90","nutritional_outcomes","","text","DAY 90 - Number of bags Parenteral Nutrition used: (per day of use)","","Parenteral Nutrition Complications","integer","1","5","","[nut_o_pn_dur]>=90","y","","","","","#cdi #UNBLINDING#"
"nut_o_p_comp_i","nutritional_outcomes","","descriptive","Did the patient experience any of the following PN complications?","","","","","","","[nut_o_pn_yn]='1'","","","","","","#cdi"
"nut_o_p_comp_hypoglyc","nutritional_outcomes","","radio","Hypoglycaemia","1, Yes | 0, No","","","","","","[nut_o_pn_yn]='1'","y","RH","","","","#cdi #UNBLINDING#"
"nut_o_p_comp_hyperglyc","nutritional_outcomes","","radio","Hyperglycaemia","1, Yes | 0, No","","","","","","[nut_o_pn_yn]='1'","y","RH","","","","#cdi #UNBLINDING#"
"nut_o_p_comp_hypoalaemia","nutritional_outcomes","","radio","Hypokalaemia","1, Yes | 0, No","","","","","","[nut_o_pn_yn]='1'","y","RH","","","","#cdi #UNBLINDING#"
"nut_o_p_comp_refeeding","nutritional_outcomes","","radio","Refeeding syndrome","1, Yes | 0, No","","","","","","[nut_o_pn_yn]='1'","y","RH","","","","#cdi #UNBLINDING#"
"nut_o_p_comp_cholestasis","nutritional_outcomes","","radio","Cholestasis","1, Yes | 0, No","","","","","","[nut_o_pn_yn]='1'","y","RH","","","","#cdi #UNBLINDING#"
"nut_o_2_i","nutritional_outcomes","","descriptive","Please Note: The complications listed above are considered protocol-defined expected Serious Adverse Events as outlined in Section 10.5 of the TONIC Trial Protocol.","","These events are anticipated complications of PN and therefore do not require expedited reporting.","","","","","[nut_o_pn_yn]='1'","","","","","","#inf"
"nut_o_p_comp_oth","nutritional_outcomes","","radio","Other PN complication","1, Yes | 0, No","","","","","","[nut_o_pn_yn]='1'","y","RH","","","","#cdi #UNBLINDING#"
"nut_o_p_comp_table","nutritional_outcomes","","descriptive","The table below shows all PN complications reported. If the table is empty, no PN complications have been reported.","","","","","","","[nut_o_pn_yn]='1'","","","","","","#inf"
"nut_o_p_comp_table_current","nutritional_outcomes","","radio","Is the PN complications table up to date and correct?","1, Yes | 0, No","Line complications","","","","","[nut_o_pn_yn]='1'","y","RH","","","","#cdi #UNBLINDING#"
"nut_o_l_comp_i","nutritional_outcomes","","descriptive","Did the patient experience any of the following line complications?","","","","","","","[nut_o_line_yn]='1'","","","","","","#cdi"
"nut_o_l_comp_pneumo","nutritional_outcomes","","radio","Pneumothorax","1, Yes | 0, No","","","","","","[nut_o_line_yn]='1'","y","RH","","","","#cdi #UNBLINDING#"
"nut_o_l_comp_infection","nutritional_outcomes","","radio","Line infection","1, Yes | 0, No","","","","","","[nut_o_line_yn]='1'","y","RH","","","","#cdi #UNBLINDING#"
"nut_o_l_comp_fracture","nutritional_outcomes","","radio","Line fracture","1, Yes | 0, No","","","","","","[nut_o_line_yn]='1'","y","RH","","","","#cdi #UNBLINDING#"
"nut_o_l_comp_occlusion","nutritional_outcomes","","radio","Line occlusion","1, Yes | 0, No","","","","","","[nut_o_line_yn]='1'","y","RH","","","","#cdi #UNBLINDING#"
"nut_o_l_comp_thombosis","nutritional_outcomes","","radio","Line thrombosis","1, Yes | 0, No","","","","","","[nut_o_line_yn]='1'","y","RH","","","","#cdi #UNBLINDING#"
"nut_o_3_i","nutritional_outcomes","","descriptive","Please Note: The complications listed above are considered protocol-defined expected Serious Adverse Events as outlined in Section 10.5 of the TONIC Trial Protocol.","","These events are anticipated complications of PN and having a feeding line inserted, therefore do not require expedited reporting.","","","","","[nut_o_line_yn]='1'","","","","","","#inf"
"nut_o_l_comp_oth","nutritional_outcomes","","radio","Other line complication","1, Yes | 0, No","","","","","","[nut_o_line_yn]='1'","y","RH","","","","#cdi #UNBLINDING#"
"nut_o_l_comp_table","nutritional_outcomes","","descriptive","The table below shows all line complications reported. If the table is empty, no line complications have been reported.","","","","","","","[nut_o_line_yn]='1'","","","","","","#inf"
"nut_o_l_comp_table_current","nutritional_outcomes","","radio","Is the line complications table up to date and correct?","1, Yes | 0, No","Other Nutritional details","","","","","[nut_o_line_yn]='1'","y","RH","","","","#cdi #UNBLINDING#"
"nut_o_b12_thiamin","nutritional_outcomes","","radio","B12/Thiamine supplementation given?","1, Yes | 0, No","","","","","","[nut_o_version]!=''","y","RH","","","","#cdi #UNBLINDING#"
"nut_o_1_sbhd","nutritional_outcomes","","descriptive","Nasoenteric feeding","","","","","","","","","","","","","#inf"
"nut_o_ne_yn","nutritional_outcomes","","radio","Was Nasoenteric feeding used?","1, Yes | 0, No","","","","","","[nut_o_version]!=''","y","RH","","","","#cdi #UNBLINDING#"
"nut_o_ne_type","nutritional_outcomes","","dropdown","Type of Nasoenteric feeding used:","1, Standard Formulas | 2, Hydrolyzed Formulas | 3, Disease-Specific Formulas | 4, Elemental Formulas | 99, Other","","","","","","[nut_o_ne_yn]='1'","y","","","","","#cdi #UNBLINDING#"
"nut_o_ne_type_oth","nutritional_outcomes","","textarea","Please specify other type of Nasoenteric feeding used:","","","","","","","[nut_o_ne_type]='99'","y","","","","","#cdi #UNBLINDING#"
"nut_o_ne_dur","nutritional_outcomes","","text","Total Nasoenteric feeding duration:","","","integer","0","90","","[nut_o_ne_yn]='1'","y","","","","","#cdi #UNBLINDING#"
"nut_o_ne_calories_1","nutritional_outcomes","","text","DAY 1 - Daily calories administered by Nasoenteric feed: (per day of use)","","","integer","1","3000","","[nut_o_ne_dur]>=1","y","","","","","#cdi #UNBLINDING#"
"nut_o_ne_calories_2","nutritional_outcomes","","text","DAY 2 - Daily calories administered by Parenteral Nutrition: (per day of use)","","","integer","1","3000","","[nut_o_ne_dur]>=2","y","","","","","#cdi #UNBLINDING#"
"nut_o_ne_calories_3","nutritional_outcomes","","text","DAY 3 - Daily calories administered by Parenteral Nutrition: (per day of use)","","","integer","1","3000","","[nut_o_ne_dur]>=3","y","","","","","#cdi #UNBLINDING#"
"nut_o_ne_calories_4","nutritional_outcomes","","text","DAY 4 - Daily calories administered by Parenteral Nutrition: (per day of use)","","","integer","1","3000","","[nut_o_ne_dur]>=4","y","","","","","#cdi #UNBLINDING#"
"nut_o_ne_calories_5","nutritional_outcomes","","text","DAY 5 - Daily calories administered by Parenteral Nutrition: (per day of use)","","","integer","1","3000","","[nut_o_ne_dur]>=5","y","","","","","#cdi #UNBLINDING#"
"nut_o_ne_calories_6","nutritional_outcomes","","text","DAY 6 - Daily calories administered by Parenteral Nutrition: (per day of use)","","","integer","1","3000","","[nut_o_ne_dur]>=6","y","","","","","#cdi #UNBLINDING#"
"nut_o_ne_calories_7","nutritional_outcomes","","text","DAY 7 - Daily calories administered by Parenteral Nutrition: (per day of use)","","","integer","1","3000","","[nut_o_ne_dur]>=7","y","","","","","#cdi #UNBLINDING#"
"nut_o_ne_calories_8","nutritional_outcomes","","text","DAY 8 - Daily calories administered by Parenteral Nutrition: (per day of use)","","","integer","1","3000","","[nut_o_ne_dur]>=8","y","","","","","#cdi #UNBLINDING#"
"nut_o_ne_calories_9","nutritional_outcomes","","text","DAY 9 - Daily calories administered by Parenteral Nutrition: (per day of use)","","","integer","1","3000","","[nut_o_ne_dur]>=9","y","","","","","#cdi #UNBLINDING#"
"nut_o_ne_calories_10","nutritional_outcomes","","text","DAY 10 - Daily calories administered by Parenteral Nutrition: (per day of use)","","","integer","1","3000","","[nut_o_ne_dur]>=10","y","","","","","#cdi #UNBLINDING#"
"nut_o_ne_calories_11","nutritional_outcomes","","text","DAY 11 - Daily calories administered by Parenteral Nutrition: (per day of use)","","","integer","1","3000","","[nut_o_ne_dur]>=11","y","","","","","#cdi #UNBLINDING#"
"nut_o_ne_calories_12","nutritional_outcomes","","text","DAY 12 - Daily calories administered by Parenteral Nutrition: (per day of use)","","","integer","1","3000","","[nut_o_ne_dur]>=12","y","","","","","#cdi #UNBLINDING#"
"nut_o_ne_calories_13","nutritional_outcomes","","text","DAY 13 - Daily calories administered by Parenteral Nutrition: (per day of use)","","","integer","1","3000","","[nut_o_ne_dur]>=13","y","","","","","#cdi #UNBLINDING#"
"nut_o_ne_calories_14","nutritional_outcomes","","text","DAY 14 - Daily calories administered by Parenteral Nutrition: (per day of use)","","","integer","1","3000","","[nut_o_ne_dur]>=14","y","","","","","#cdi #UNBLINDING#"
"nut_o_ne_calories_15","nutritional_outcomes","","text","DAY 15 - Daily calories administered by Parenteral Nutrition: (per day of use)","","","integer","1","3000","","[nut_o_ne_dur]>=15","y","","","","","#cdi #UNBLINDING#"
"nut_o_ne_calories_16","nutritional_outcomes","","text","DAY 16 - Daily calories administered by Parenteral Nutrition: (per day of use)","","","integer","1","3000","","[nut_o_ne_dur]>=16","y","","","","","#cdi #UNBLINDING#"
"nut_o_ne_calories_17","nutritional_outcomes","","text","DAY 17 - Daily calories administered by Parenteral Nutrition: (per day of use)","","","integer","1","3000","","[nut_o_ne_dur]>=17","y","","","","","#cdi #UNBLINDING#"
"nut_o_ne_calories_18","nutritional_outcomes","","text","DAY 18 - Daily calories administered by Parenteral Nutrition: (per day of use)","","","integer","1","3000","","[nut_o_ne_dur]>=18","y","","","","","#cdi #UNBLINDING#"
"nut_o_ne_calories_19","nutritional_outcomes","","text","DAY 19 - Daily calories administered by Parenteral Nutrition: (per day of use)","","","integer","1","3000","","[nut_o_ne_dur]>=19","y","","","","","#cdi #UNBLINDING#"
"nut_o_ne_calories_20","nutritional_outcomes","","text","DAY 20 - Daily calories administered by Parenteral Nutrition: (per day of use)","","","integer","1","3000","","[nut_o_ne_dur]>=20","y","","","","","#cdi #UNBLINDING#"
"nut_o_ne_calories_21","nutritional_outcomes","","text","DAY 21 - Daily calories administered by Parenteral Nutrition: (per day of use)","","","integer","1","3000","","[nut_o_ne_dur]>=21","y","","","","","#cdi #UNBLINDING#"
"nut_o_ne_calories_22","nutritional_outcomes","","text","DAY 22 - Daily calories administered by Parenteral Nutrition: (per day of use)","","","integer","1","3000","","[nut_o_ne_dur]>=22","y","","","","","#cdi #UNBLINDING#"
"nut_o_ne_calories_23","nutritional_outcomes","","text","DAY 23 - Daily calories administered by Parenteral Nutrition: (per day of use)","","","integer","1","3000","","[nut_o_ne_dur]>=23","y","","","","","#cdi #UNBLINDING#"
"nut_o_ne_calories_24","nutritional_outcomes","","text","DAY 24 - Daily calories administered by Parenteral Nutrition: (per day of use)","","","integer","1","3000","","[nut_o_ne_dur]>=24","y","","","","","#cdi #UNBLINDING#"
"nut_o_ne_calories_25","nutritional_outcomes","","text","DAY 25 - Daily calories administered by Parenteral Nutrition: (per day of use)","","","integer","1","3000","","[nut_o_ne_dur]>=25","y","","","","","#cdi #UNBLINDING#"
"nut_o_ne_calories_26","nutritional_outcomes","","text","DAY 26 - Daily calories administered by Parenteral Nutrition: (per day of use)","","","integer","1","3000","","[nut_o_ne_dur]>=26","y","","","","","#cdi #UNBLINDING#"
"nut_o_ne_calories_27","nutritional_outcomes","","text","DAY 27 - Daily calories administered by Parenteral Nutrition: (per day of use)","","","integer","1","3000","","[nut_o_ne_dur]>=27","y","","","","","#cdi #UNBLINDING#"
"nut_o_ne_calories_28","nutritional_outcomes","","text","DAY 28 - Daily calories administered by Parenteral Nutrition: (per day of use)","","","integer","1","3000","","[nut_o_ne_dur]>=28","y","","","","","#cdi #UNBLINDING#"
"nut_o_ne_calories_29","nutritional_outcomes","","text","DAY 29 - Daily calories administered by Parenteral Nutrition: (per day of use)","","","integer","1","3000","","[nut_o_ne_dur]>=29","y","","","","","#cdi #UNBLINDING#"
"nut_o_ne_calories_30","nutritional_outcomes","","text","DAY 30 - Daily calories administered by Parenteral Nutrition: (per day of use)","","","integer","1","3000","","[nut_o_ne_dur]>=30","y","","","","","#cdi #UNBLINDING#"
"nut_o_ne_calories_31","nutritional_outcomes","","text","DAY 31 - Daily calories administered by Parenteral Nutrition: (per day of use)","","","integer","1","3000","","[nut_o_ne_dur]>=31","y","","","","","#cdi #UNBLINDING#"
"nut_o_ne_calories_32","nutritional_outcomes","","text","DAY 32 - Daily calories administered by Parenteral Nutrition: (per day of use)","","","integer","1","3000","","[nut_o_ne_dur]>=32","y","","","","","#cdi #UNBLINDING#"
"nut_o_ne_calories_33","nutritional_outcomes","","text","DAY 33 - Daily calories administered by Parenteral Nutrition: (per day of use)","","","integer","1","3000","","[nut_o_ne_dur]>=33","y","","","","","#cdi #UNBLINDING#"
"nut_o_ne_calories_34","nutritional_outcomes","","text","DAY 34 - Daily calories administered by Parenteral Nutrition: (per day of use)","","","integer","1","3000","","[nut_o_ne_dur]>=34","y","","","","","#cdi #UNBLINDING#"
"nut_o_ne_calories_35","nutritional_outcomes","","text","DAY 35 - Daily calories administered by Parenteral Nutrition: (per day of use)","","","integer","1","3000","","[nut_o_ne_dur]>=35","y","","","","","#cdi #UNBLINDING#"
"nut_o_ne_calories_36","nutritional_outcomes","","text","DAY 36 - Daily calories administered by Parenteral Nutrition: (per day of use)","","","integer","1","3000","","[nut_o_ne_dur]>=36","y","","","","","#cdi #UNBLINDING#"
"nut_o_ne_calories_37","nutritional_outcomes","","text","DAY 37 - Daily calories administered by Parenteral Nutrition: (per day of use)","","","integer","1","3000","","[nut_o_ne_dur]>=37","y","","","","","#cdi #UNBLINDING#"
"nut_o_ne_calories_38","nutritional_outcomes","","text","DAY 38 - Daily calories administered by Parenteral Nutrition: (per day of use)","","","integer","1","3000","","[nut_o_ne_dur]>=38","y","","","","","#cdi #UNBLINDING#"
"nut_o_ne_calories_39","nutritional_outcomes","","text","DAY 39 - Daily calories administered by Parenteral Nutrition: (per day of use)","","","integer","1","3000","","[nut_o_ne_dur]>=39","y","","","","","#cdi #UNBLINDING#"
"nut_o_ne_calories_40","nutritional_outcomes","","text","DAY 40 - Daily calories administered by Parenteral Nutrition: (per day of use)","","","integer","1","3000","","[nut_o_ne_dur]>=40","y","","","","","#cdi #UNBLINDING#"
"nut_o_ne_calories_41","nutritional_outcomes","","text","DAY 41 - Daily calories administered by Parenteral Nutrition: (per day of use)","","","integer","1","3000","","[nut_o_ne_dur]>=41","y","","","","","#cdi #UNBLINDING#"
"nut_o_ne_calories_42","nutritional_outcomes","","text","DAY 42 - Daily calories administered by Parenteral Nutrition: (per day of use)","","","integer","1","3000","","[nut_o_ne_dur]>=42","y","","","","","#cdi #UNBLINDING#"
"nut_o_ne_calories_43","nutritional_outcomes","","text","DAY 43 - Daily calories administered by Parenteral Nutrition: (per day of use)","","","integer","1","3000","","[nut_o_ne_dur]>=43","y","","","","","#cdi #UNBLINDING#"
"nut_o_ne_calories_44","nutritional_outcomes","","text","DAY 44 - Daily calories administered by Parenteral Nutrition: (per day of use)","","","integer","1","3000","","[nut_o_ne_dur]>=44","y","","","","","#cdi #UNBLINDING#"
"nut_o_ne_calories_45","nutritional_outcomes","","text","DAY 45 - Daily calories administered by Parenteral Nutrition: (per day of use)","","","integer","1","3000","","[nut_o_ne_dur]>=45","y","","","","","#cdi #UNBLINDING#"
"nut_o_ne_calories_46","nutritional_outcomes","","text","DAY 46 - Daily calories administered by Parenteral Nutrition: (per day of use)","","","integer","1","3000","","[nut_o_ne_dur]>=46","y","","","","","#cdi #UNBLINDING#"
"nut_o_ne_calories_47","nutritional_outcomes","","text","DAY 47 - Daily calories administered by Parenteral Nutrition: (per day of use)","","","integer","1","3000","","[nut_o_ne_dur]>=47","y","","","","","#cdi #UNBLINDING#"
"nut_o_ne_calories_48","nutritional_outcomes","","text","DAY 48 - Daily calories administered by Parenteral Nutrition: (per day of use)","","","integer","1","3000","","[nut_o_ne_dur]>=48","y","","","","","#cdi #UNBLINDING#"
"nut_o_ne_calories_49","nutritional_outcomes","","text","DAY 49 - Daily calories administered by Parenteral Nutrition: (per day of use)","","","integer","1","3000","","[nut_o_ne_dur]>=49","y","","","","","#cdi #UNBLINDING#"
"nut_o_ne_calories_50","nutritional_outcomes","","text","DAY 50 - Daily calories administered by Parenteral Nutrition: (per day of use)","","","integer","1","3000","","[nut_o_ne_dur]>=50","y","","","","","#cdi #UNBLINDING#"
"nut_o_ne_calories_51","nutritional_outcomes","","text","DAY 51 - Daily calories administered by Parenteral Nutrition: (per day of use)","","","integer","1","3000","","[nut_o_ne_dur]>=51","y","","","","","#cdi #UNBLINDING#"
"nut_o_ne_calories_52","nutritional_outcomes","","text","DAY 52 - Daily calories administered by Parenteral Nutrition: (per day of use)","","","integer","1","3000","","[nut_o_ne_dur]>=52","y","","","","","#cdi #UNBLINDING#"
"nut_o_ne_calories_53","nutritional_outcomes","","text","DAY 53 - Daily calories administered by Parenteral Nutrition: (per day of use)","","","integer","1","3000","","[nut_o_ne_dur]>=53","y","","","","","#cdi #UNBLINDING#"
"nut_o_ne_calories_54","nutritional_outcomes","","text","DAY 54 - Daily calories administered by Parenteral Nutrition: (per day of use)","","","integer","1","3000","","[nut_o_ne_dur]>=54","y","","","","","#cdi #UNBLINDING#"
"nut_o_ne_calories_55","nutritional_outcomes","","text","DAY 55 - Daily calories administered by Parenteral Nutrition: (per day of use)","","","integer","1","3000","","[nut_o_ne_dur]>=55","y","","","","","#cdi #UNBLINDING#"
"nut_o_ne_calories_56","nutritional_outcomes","","text","DAY 56 - Daily calories administered by Parenteral Nutrition: (per day of use)","","","integer","1","3000","","[nut_o_ne_dur]>=56","y","","","","","#cdi #UNBLINDING#"
"nut_o_ne_calories_57","nutritional_outcomes","","text","DAY 57 - Daily calories administered by Parenteral Nutrition: (per day of use)","","","integer","1","3000","","[nut_o_ne_dur]>=57","y","","","","","#cdi #UNBLINDING#"
"nut_o_ne_calories_58","nutritional_outcomes","","text","DAY 58 - Daily calories administered by Parenteral Nutrition: (per day of use)","","","integer","1","3000","","[nut_o_ne_dur]>=58","y","","","","","#cdi #UNBLINDING#"
"nut_o_ne_calories_59","nutritional_outcomes","","text","DAY 59 - Daily calories administered by Parenteral Nutrition: (per day of use)","","","integer","1","3000","","[nut_o_ne_dur]>=59","y","","","","","#cdi #UNBLINDING#"
"nut_o_ne_calories_60","nutritional_outcomes","","text","DAY 60 - Daily calories administered by Parenteral Nutrition: (per day of use)","","","integer","1","3000","","[nut_o_ne_dur]>=60","y","","","","","#cdi #UNBLINDING#"
"nut_o_ne_calories_61","nutritional_outcomes","","text","DAY 61 - Daily calories administered by Parenteral Nutrition: (per day of use)","","","integer","1","3000","","[nut_o_ne_dur]>=61","y","","","","","#cdi #UNBLINDING#"
"nut_o_ne_calories_62","nutritional_outcomes","","text","DAY 62 - Daily calories administered by Parenteral Nutrition: (per day of use)","","","integer","1","3000","","[nut_o_ne_dur]>=62","y","","","","","#cdi #UNBLINDING#"
"nut_o_ne_calories_63","nutritional_outcomes","","text","DAY 63 - Daily calories administered by Parenteral Nutrition: (per day of use)","","","integer","1","3000","","[nut_o_ne_dur]>=63","y","","","","","#cdi #UNBLINDING#"
"nut_o_ne_calories_64","nutritional_outcomes","","text","DAY 64 - Daily calories administered by Parenteral Nutrition: (per day of use)","","","integer","1","3000","","[nut_o_ne_dur]>=64","y","","","","","#cdi #UNBLINDING#"
"nut_o_ne_calories_65","nutritional_outcomes","","text","DAY 65 - Daily calories administered by Parenteral Nutrition: (per day of use)","","","integer","1","3000","","[nut_o_ne_dur]>=65","y","","","","","#cdi #UNBLINDING#"
"nut_o_ne_calories_66","nutritional_outcomes","","text","DAY 66 - Daily calories administered by Parenteral Nutrition: (per day of use)","","","integer","1","3000","","[nut_o_ne_dur]>=66","y","","","","","#cdi #UNBLINDING#"
"nut_o_ne_calories_67","nutritional_outcomes","","text","DAY 67 - Daily calories administered by Parenteral Nutrition: (per day of use)","","","integer","1","3000","","[nut_o_ne_dur]>=67","y","","","","","#cdi #UNBLINDING#"
"nut_o_ne_calories_68","nutritional_outcomes","","text","DAY 68 - Daily calories administered by Parenteral Nutrition: (per day of use)","","","integer","1","3000","","[nut_o_ne_dur]>=68","y","","","","","#cdi #UNBLINDING#"
"nut_o_ne_calories_69","nutritional_outcomes","","text","DAY 69 - Daily calories administered by Parenteral Nutrition: (per day of use)","","","integer","1","3000","","[nut_o_ne_dur]>=69","y","","","","","#cdi #UNBLINDING#"
"nut_o_ne_calories_70","nutritional_outcomes","","text","DAY 70 - Daily calories administered by Parenteral Nutrition: (per day of use)","","","integer","1","3000","","[nut_o_ne_dur]>=70","y","","","","","#cdi #UNBLINDING#"
"nut_o_ne_calories_71","nutritional_outcomes","","text","DAY 71 - Daily calories administered by Parenteral Nutrition: (per day of use)","","","integer","1","3000","","[nut_o_ne_dur]>=71","y","","","","","#cdi #UNBLINDING#"
"nut_o_ne_calories_72","nutritional_outcomes","","text","DAY 72 - Daily calories administered by Parenteral Nutrition: (per day of use)","","","integer","1","3000","","[nut_o_ne_dur]>=72","y","","","","","#cdi #UNBLINDING#"
"nut_o_ne_calories_73","nutritional_outcomes","","text","DAY 73 - Daily calories administered by Parenteral Nutrition: (per day of use)","","","integer","1","3000","","[nut_o_ne_dur]>=73","y","","","","","#cdi #UNBLINDING#"
"nut_o_ne_calories_74","nutritional_outcomes","","text","DAY 74 - Daily calories administered by Parenteral Nutrition: (per day of use)","","","integer","1","3000","","[nut_o_ne_dur]>=74","y","","","","","#cdi #UNBLINDING#"
"nut_o_ne_calories_75","nutritional_outcomes","","text","DAY 75 - Daily calories administered by Parenteral Nutrition: (per day of use)","","","integer","1","3000","","[nut_o_ne_dur]>=75","y","","","","","#cdi #UNBLINDING#"
"nut_o_ne_calories_76","nutritional_outcomes","","text","DAY 76 - Daily calories administered by Parenteral Nutrition: (per day of use)","","","integer","1","3000","","[nut_o_ne_dur]>=76","y","","","","","#cdi #UNBLINDING#"
"nut_o_ne_calories_77","nutritional_outcomes","","text","DAY 77 - Daily calories administered by Parenteral Nutrition: (per day of use)","","","integer","1","3000","","[nut_o_ne_dur]>=77","y","","","","","#cdi #UNBLINDING#"
"nut_o_ne_calories_78","nutritional_outcomes","","text","DAY 78 - Daily calories administered by Parenteral Nutrition: (per day of use)","","","integer","1","3000","","[nut_o_ne_dur]>=78","y","","","","","#cdi #UNBLINDING#"
"nut_o_ne_calories_79","nutritional_outcomes","","text","DAY 79 - Daily calories administered by Parenteral Nutrition: (per day of use)","","","integer","1","3000","","[nut_o_ne_dur]>=79","y","","","","","#cdi #UNBLINDING#"
"nut_o_ne_calories_80","nutritional_outcomes","","text","DAY 80 - Daily calories administered by Parenteral Nutrition: (per day of use)","","","integer","1","3000","","[nut_o_ne_dur]>=80","y","","","","","#cdi #UNBLINDING#"
"nut_o_ne_calories_81","nutritional_outcomes","","text","DAY 81 - Daily calories administered by Parenteral Nutrition: (per day of use)","","","integer","1","3000","","[nut_o_ne_dur]>=81","y","","","","","#cdi #UNBLINDING#"
"nut_o_ne_calories_82","nutritional_outcomes","","text","DAY 82 - Daily calories administered by Parenteral Nutrition: (per day of use)","","","integer","1","3000","","[nut_o_ne_dur]>=82","y","","","","","#cdi #UNBLINDING#"
"nut_o_ne_calories_83","nutritional_outcomes","","text","DAY 83 - Daily calories administered by Parenteral Nutrition: (per day of use)","","","integer","1","3000","","[nut_o_ne_dur]>=83","y","","","","","#cdi #UNBLINDING#"
"nut_o_ne_calories_84","nutritional_outcomes","","text","DAY 84 - Daily calories administered by Parenteral Nutrition: (per day of use)","","","integer","1","3000","","[nut_o_ne_dur]>=84","y","","","","","#cdi #UNBLINDING#"
"nut_o_ne_calories_85","nutritional_outcomes","","text","DAY 85 - Daily calories administered by Parenteral Nutrition: (per day of use)","","","integer","1","3000","","[nut_o_ne_dur]>=85","y","","","","","#cdi #UNBLINDING#"
"nut_o_ne_calories_86","nutritional_outcomes","","text","DAY 86 - Daily calories administered by Parenteral Nutrition: (per day of use)","","","integer","1","3000","","[nut_o_ne_dur]>=86","y","","","","","#cdi #UNBLINDING#"
"nut_o_ne_calories_87","nutritional_outcomes","","text","DAY 87 - Daily calories administered by Parenteral Nutrition: (per day of use)","","","integer","1","3000","","[nut_o_ne_dur]>=87","y","","","","","#cdi #UNBLINDING#"
"nut_o_ne_calories_88","nutritional_outcomes","","text","DAY 88 - Daily calories administered by Parenteral Nutrition: (per day of use)","","","integer","1","3000","","[nut_o_ne_dur]>=88","y","","","","","#cdi #UNBLINDING#"
"nut_o_ne_calories_89","nutritional_outcomes","","text","DAY 89 - Daily calories administered by Parenteral Nutrition: (per day of use)","","","integer","1","3000","","[nut_o_ne_dur]>=89","y","","","","","#cdi #UNBLINDING#"
"nut_o_ne_calories_90","nutritional_outcomes","","text","DAY 90 - Daily calories administered by Parenteral Nutrition: (per day of use)","","","integer","1","3000","","[nut_o_ne_dur]>=90","y","","","","","#cdi #UNBLINDING#"
"nut_o_2_sbhd","nutritional_outcomes","","descriptive","Oral Nutrient Supplements (ONS)","","","","","","","","","","","","","#inf"
"nut_o_ons_yn","nutritional_outcomes","","radio","Was the participant prescribed oral nutrient supplements (ONS) at any point since the day of operation?","1, Yes | 0, No","","","","","","[nut_o_version]!=''","y","RH","","","","#cdi #UNBLINDING#"
"nut_o_ons_i","nutritional_outcomes","","descriptive","Please specify all types of ONS prescribed:","","","","","","","[nut_o_ons_yn]='1'","","","","","","#cdi"
"nut_o_ons_fortisip_comp","nutritional_outcomes","","radio","Fortisip Compact:","1, Yes | 0, No","","","","","","[nut_o_ons_yn]='1'","y","RH","","","","#cdi #UNBLINDING#"
"nut_o_ons_fortisip_comp_p","nutritional_outcomes","","radio","Fortisip compact protein:","1, Yes | 0, No","","","","","","[nut_o_ons_yn]='1'","y","RH","","","","#cdi #UNBLINDING#"
"nut_o_ons_fortisip_bottle","nutritional_outcomes","","radio","Fortisip bottle:","1, Yes | 0, No","","","","","","[nut_o_ons_yn]='1'","y","RH","","","","#cdi #UNBLINDING#"
"nut_o_ons_fortijuice","nutritional_outcomes","","radio","Fortijuice:","1, Yes | 0, No","","","","","","[nut_o_ons_yn]='1'","y","RH","","","","#cdi #UNBLINDING#"
"nut_o_ons_modulen","nutritional_outcomes","","radio","Modulen (powder):","1, Yes | 0, No","","","","","","[nut_o_ons_yn]='1'","y","RH","","","","#cdi #UNBLINDING#"
"nut_o_ons_ensure_comp","nutritional_outcomes","","radio","Ensure Compact:","1, Yes | 0, No","","","","","","[nut_o_ons_yn]='1'","y","RH","","","","#cdi #UNBLINDING#"
"nut_o_ons_ensure_plus","nutritional_outcomes","","radio","Ensure Plus:","1, Yes | 0, No","","","","","","[nut_o_ons_yn]='1'","y","RH","","","","#cdi #UNBLINDING#"
"nut_o_ons_vital","nutritional_outcomes","","radio","Vital 1.5kcal:","1, Yes | 0, No","","","","","","[nut_o_ons_yn]='1'","y","RH","","","","#cdi #UNBLINDING#"
"nut_o_ons_eo28_liquid","nutritional_outcomes","","radio","EO28 (liquid):","1, Yes | 0, No","","","","","","[nut_o_ons_yn]='1'","y","RH","","","","#cdi #UNBLINDING#"
"nut_o_ons_eo28_powder","nutritional_outcomes","","radio","EO28 (powder):","1, Yes | 0, No","","","","","","[nut_o_ons_yn]='1'","y","RH","","","","#cdi #UNBLINDING#"
"nut_o_ons_aymes_shake","nutritional_outcomes","","radio","AYMES Shake:","1, Yes | 0, No","","","","","","[nut_o_ons_yn]='1'","y","RH","","","","#cdi #UNBLINDING#"
"nut_o_ons_oth_yn","nutritional_outcomes","","radio","Other:","1, Yes | 0, No","","","","","","[nut_o_ons_yn]='1'","y","RH","","","","#cdi #UNBLINDING#"
"nut_o_ons_oth","nutritional_outcomes","","text","Please specify other type of ONS prescribed:","","","","","","","[nut_o_ons_oth_yn]='1'","y","","","","","#cdi #UNBLINDING#"
"nut_o_ons_dur","nutritional_outcomes","","text","Oral nutritional supplement duration:","","","integer","0","90","","[nut_o_ons_yn]='1'","y","","","","","#cdi #UNBLINDING#"
"nut_o_ons_calories_1","nutritional_outcomes","","text","DAY 1 - Daily calories administered by Oral nutritional supplement: (per day of use)","","","integer","1","3000","","[nut_o_ons_dur]>=1","y","","","","","#cdi #UNBLINDING#"
"nut_o_ons_calories_2","nutritional_outcomes","","text","DAY 2 - Daily calories administered by Oral nutritional supplement: (per day of use)","","","integer","1","3000","","[nut_o_ons_dur]>=2","y","","","","","#cdi #UNBLINDING#"
"nut_o_ons_calories_3","nutritional_outcomes","","text","DAY 3 - Daily calories administered by Oral nutritional supplement: (per day of use)","","","integer","1","3000","","[nut_o_ons_dur]>=3","y","","","","","#cdi #UNBLINDING#"
"nut_o_ons_calories_4","nutritional_outcomes","","text","DAY 4 - Daily calories administered by Oral nutritional supplement: (per day of use)","","","integer","1","3000","","[nut_o_ons_dur]>=4","y","","","","","#cdi #UNBLINDING#"
"nut_o_ons_calories_5","nutritional_outcomes","","text","DAY 5 - Daily calories administered by Oral nutritional supplement: (per day of use)","","","integer","1","3000","","[nut_o_ons_dur]>=5","y","","","","","#cdi #UNBLINDING#"
"nut_o_ons_calories_6","nutritional_outcomes","","text","DAY 6 - Daily calories administered by Oral nutritional supplement: (per day of use)","","","integer","1","3000","","[nut_o_ons_dur]>=6","y","","","","","#cdi #UNBLINDING#"
"nut_o_ons_calories_7","nutritional_outcomes","","text","DAY 7 - Daily calories administered by Oral nutritional supplement: (per day of use)","","","integer","1","3000","","[nut_o_ons_dur]>=7","y","","","","","#cdi #UNBLINDING#"
"nut_o_ons_calories_8","nutritional_outcomes","","text","DAY 8 - Daily calories administered by Oral nutritional supplement: (per day of use)","","","integer","1","3000","","[nut_o_ons_dur]>=8","y","","","","","#cdi #UNBLINDING#"
"nut_o_ons_calories_9","nutritional_outcomes","","text","DAY 9 - Daily calories administered by Oral nutritional supplement: (per day of use)","","","integer","1","3000","","[nut_o_ons_dur]>=9","y","","","","","#cdi #UNBLINDING#"
"nut_o_ons_calories_10","nutritional_outcomes","","text","DAY 10 - Daily calories administered by Oral nutritional supplement: (per day of use)","","","integer","1","3000","","[nut_o_ons_dur]>=10","y","","","","","#cdi #UNBLINDING#"
"nut_o_ons_calories_11","nutritional_outcomes","","text","DAY 11 - Daily calories administered by Oral nutritional supplement: (per day of use)","","","integer","1","3000","","[nut_o_ons_dur]>=11","y","","","","","#cdi #UNBLINDING#"
"nut_o_ons_calories_12","nutritional_outcomes","","text","DAY 12 - Daily calories administered by Oral nutritional supplement: (per day of use)","","","integer","1","3000","","[nut_o_ons_dur]>=12","y","","","","","#cdi #UNBLINDING#"
"nut_o_ons_calories_13","nutritional_outcomes","","text","DAY 13 - Daily calories administered by Oral nutritional supplement: (per day of use)","","","integer","1","3000","","[nut_o_ons_dur]>=13","y","","","","","#cdi #UNBLINDING#"
"nut_o_ons_calories_14","nutritional_outcomes","","text","DAY 14 - Daily calories administered by Oral nutritional supplement: (per day of use)","","","integer","1","3000","","[nut_o_ons_dur]>=14","y","","","","","#cdi #UNBLINDING#"
"nut_o_ons_calories_15","nutritional_outcomes","","text","DAY 15 - Daily calories administered by Oral nutritional supplement: (per day of use)","","","integer","1","3000","","[nut_o_ons_dur]>=15","y","","","","","#cdi #UNBLINDING#"
"nut_o_ons_calories_16","nutritional_outcomes","","text","DAY 16 - Daily calories administered by Oral nutritional supplement: (per day of use)","","","integer","1","3000","","[nut_o_ons_dur]>=16","y","","","","","#cdi #UNBLINDING#"
"nut_o_ons_calories_17","nutritional_outcomes","","text","DAY 17 - Daily calories administered by Oral nutritional supplement: (per day of use)","","","integer","1","3000","","[nut_o_ons_dur]>=17","y","","","","","#cdi #UNBLINDING#"
"nut_o_ons_calories_18","nutritional_outcomes","","text","DAY 18 - Daily calories administered by Oral nutritional supplement: (per day of use)","","","integer","1","3000","","[nut_o_ons_dur]>=18","y","","","","","#cdi #UNBLINDING#"
"nut_o_ons_calories_19","nutritional_outcomes","","text","DAY 19 - Daily calories administered by Oral nutritional supplement: (per day of use)","","","integer","1","3000","","[nut_o_ons_dur]>=19","y","","","","","#cdi #UNBLINDING#"
"nut_o_ons_calories_20","nutritional_outcomes","","text","DAY 20 - Daily calories administered by Oral nutritional supplement: (per day of use)","","","integer","1","3000","","[nut_o_ons_dur]>=20","y","","","","","#cdi #UNBLINDING#"
"nut_o_ons_calories_21","nutritional_outcomes","","text","DAY 21 - Daily calories administered by Oral nutritional supplement: (per day of use)","","","integer","1","3000","","[nut_o_ons_dur]>=21","y","","","","","#cdi #UNBLINDING#"
"nut_o_ons_calories_22","nutritional_outcomes","","text","DAY 22 - Daily calories administered by Oral nutritional supplement: (per day of use)","","","integer","1","3000","","[nut_o_ons_dur]>=22","y","","","","","#cdi #UNBLINDING#"
"nut_o_ons_calories_23","nutritional_outcomes","","text","DAY 23 - Daily calories administered by Oral nutritional supplement: (per day of use)","","","integer","1","3000","","[nut_o_ons_dur]>=23","y","","","","","#cdi #UNBLINDING#"
"nut_o_ons_calories_24","nutritional_outcomes","","text","DAY 24 - Daily calories administered by Oral nutritional supplement: (per day of use)","","","integer","1","3000","","[nut_o_ons_dur]>=24","y","","","","","#cdi #UNBLINDING#"
"nut_o_ons_calories_25","nutritional_outcomes","","text","DAY 25 - Daily calories administered by Oral nutritional supplement: (per day of use)","","","integer","1","3000","","[nut_o_ons_dur]>=25","y","","","","","#cdi #UNBLINDING#"
"nut_o_ons_calories_26","nutritional_outcomes","","text","DAY 26 - Daily calories administered by Oral nutritional supplement: (per day of use)","","","integer","1","3000","","[nut_o_ons_dur]>=26","y","","","","","#cdi #UNBLINDING#"
"nut_o_ons_calories_27","nutritional_outcomes","","text","DAY 27 - Daily calories administered by Oral nutritional supplement: (per day of use)","","","integer","1","3000","","[nut_o_ons_dur]>=27","y","","","","","#cdi #UNBLINDING#"
"nut_o_ons_calories_28","nutritional_outcomes","","text","DAY 28 - Daily calories administered by Oral nutritional supplement: (per day of use)","","","integer","1","3000","","[nut_o_ons_dur]>=28","y","","","","","#cdi #UNBLINDING#"
"nut_o_ons_calories_29","nutritional_outcomes","","text","DAY 29 - Daily calories administered by Oral nutritional supplement: (per day of use)","","","integer","1","3000","","[nut_o_ons_dur]>=29","y","","","","","#cdi #UNBLINDING#"
"nut_o_ons_calories_30","nutritional_outcomes","","text","DAY 30 - Daily calories administered by Oral nutritional supplement: (per day of use)","","","integer","1","3000","","[nut_o_ons_dur]>=30","y","","","","","#cdi #UNBLINDING#"
"nut_o_ons_calories_31","nutritional_outcomes","","text","DAY 31 - Daily calories administered by Oral nutritional supplement: (per day of use)","","","integer","1","3000","","[nut_o_ons_dur]>=31","y","","","","","#cdi #UNBLINDING#"
"nut_o_ons_calories_32","nutritional_outcomes","","text","DAY 32 - Daily calories administered by Oral nutritional supplement: (per day of use)","","","integer","1","3000","","[nut_o_ons_dur]>=32","y","","","","","#cdi #UNBLINDING#"
"nut_o_ons_calories_33","nutritional_outcomes","","text","DAY 33 - Daily calories administered by Oral nutritional supplement: (per day of use)","","","integer","1","3000","","[nut_o_ons_dur]>=33","y","","","","","#cdi #UNBLINDING#"
"nut_o_ons_calories_34","nutritional_outcomes","","text","DAY 34 - Daily calories administered by Oral nutritional supplement: (per day of use)","","","integer","1","3000","","[nut_o_ons_dur]>=34","y","","","","","#cdi #UNBLINDING#"
"nut_o_ons_calories_35","nutritional_outcomes","","text","DAY 35 - Daily calories administered by Oral nutritional supplement: (per day of use)","","","integer","1","3000","","[nut_o_ons_dur]>=35","y","","","","","#cdi #UNBLINDING#"
"nut_o_ons_calories_36","nutritional_outcomes","","text","DAY 36 - Daily calories administered by Oral nutritional supplement: (per day of use)","","","integer","1","3000","","[nut_o_ons_dur]>=36","y","","","","","#cdi #UNBLINDING#"
"nut_o_ons_calories_37","nutritional_outcomes","","text","DAY 37 - Daily calories administered by Oral nutritional supplement: (per day of use)","","","integer","1","3000","","[nut_o_ons_dur]>=37","y","","","","","#cdi #UNBLINDING#"
"nut_o_ons_calories_38","nutritional_outcomes","","text","DAY 38 - Daily calories administered by Oral nutritional supplement: (per day of use)","","","integer","1","3000","","[nut_o_ons_dur]>=38","y","","","","","#cdi #UNBLINDING#"
"nut_o_ons_calories_39","nutritional_outcomes","","text","DAY 39 - Daily calories administered by Oral nutritional supplement: (per day of use)","","","integer","1","3000","","[nut_o_ons_dur]>=39","y","","","","","#cdi #UNBLINDING#"
"nut_o_ons_calories_40","nutritional_outcomes","","text","DAY 40 - Daily calories administered by Oral nutritional supplement: (per day of use)","","","integer","1","3000","","[nut_o_ons_dur]>=40","y","","","","","#cdi #UNBLINDING#"
"nut_o_ons_calories_41","nutritional_outcomes","","text","DAY 41 - Daily calories administered by Oral nutritional supplement: (per day of use)","","","integer","1","3000","","[nut_o_ons_dur]>=41","y","","","","","#cdi #UNBLINDING#"
"nut_o_ons_calories_42","nutritional_outcomes","","text","DAY 42 - Daily calories administered by Oral nutritional supplement: (per day of use)","","","integer","1","3000","","[nut_o_ons_dur]>=42","y","","","","","#cdi #UNBLINDING#"
"nut_o_ons_calories_43","nutritional_outcomes","","text","DAY 43 - Daily calories administered by Oral nutritional supplement: (per day of use)","","","integer","1","3000","","[nut_o_ons_dur]>=43","y","","","","","#cdi #UNBLINDING#"
"nut_o_ons_calories_44","nutritional_outcomes","","text","DAY 44 - Daily calories administered by Oral nutritional supplement: (per day of use)","","","integer","1","3000","","[nut_o_ons_dur]>=44","y","","","","","#cdi #UNBLINDING#"
"nut_o_ons_calories_45","nutritional_outcomes","","text","DAY 45 - Daily calories administered by Oral nutritional supplement: (per day of use)","","","integer","1","3000","","[nut_o_ons_dur]>=45","y","","","","","#cdi #UNBLINDING#"
"nut_o_ons_calories_46","nutritional_outcomes","","text","DAY 46 - Daily calories administered by Oral nutritional supplement: (per day of use)","","","integer","1","3000","","[nut_o_ons_dur]>=46","y","","","","","#cdi #UNBLINDING#"
"nut_o_ons_calories_47","nutritional_outcomes","","text","DAY 47 - Daily calories administered by Oral nutritional supplement: (per day of use)","","","integer","1","3000","","[nut_o_ons_dur]>=47","y","","","","","#cdi #UNBLINDING#"
"nut_o_ons_calories_48","nutritional_outcomes","","text","DAY 48 - Daily calories administered by Oral nutritional supplement: (per day of use)","","","integer","1","3000","","[nut_o_ons_dur]>=48","y","","","","","#cdi #UNBLINDING#"
"nut_o_ons_calories_49","nutritional_outcomes","","text","DAY 49 - Daily calories administered by Oral nutritional supplement: (per day of use)","","","integer","1","3000","","[nut_o_ons_dur]>=49","y","","","","","#cdi #UNBLINDING#"
"nut_o_ons_calories_50","nutritional_outcomes","","text","DAY 50 - Daily calories administered by Oral nutritional supplement: (per day of use)","","","integer","1","3000","","[nut_o_ons_dur]>=50","y","","","","","#cdi #UNBLINDING#"
"nut_o_ons_calories_51","nutritional_outcomes","","text","DAY 51 - Daily calories administered by Oral nutritional supplement: (per day of use)","","","integer","1","3000","","[nut_o_ons_dur]>=51","y","","","","","#cdi #UNBLINDING#"
"nut_o_ons_calories_52","nutritional_outcomes","","text","DAY 52 - Daily calories administered by Oral nutritional supplement: (per day of use)","","","integer","1","3000","","[nut_o_ons_dur]>=52","y","","","","","#cdi #UNBLINDING#"
"nut_o_ons_calories_53","nutritional_outcomes","","text","DAY 53 - Daily calories administered by Oral nutritional supplement: (per day of use)","","","integer","1","3000","","[nut_o_ons_dur]>=53","y","","","","","#cdi #UNBLINDING#"
"nut_o_ons_calories_54","nutritional_outcomes","","text","DAY 54 - Daily calories administered by Oral nutritional supplement: (per day of use)","","","integer","1","3000","","[nut_o_ons_dur]>=54","y","","","","","#cdi #UNBLINDING#"
"nut_o_ons_calories_55","nutritional_outcomes","","text","DAY 55 - Daily calories administered by Oral nutritional supplement: (per day of use)","","","integer","1","3000","","[nut_o_ons_dur]>=55","y","","","","","#cdi #UNBLINDING#"
"nut_o_ons_calories_56","nutritional_outcomes","","text","DAY 56 - Daily calories administered by Oral nutritional supplement: (per day of use)","","","integer","1","3000","","[nut_o_ons_dur]>=56","y","","","","","#cdi #UNBLINDING#"
"nut_o_ons_calories_57","nutritional_outcomes","","text","DAY 57 - Daily calories administered by Oral nutritional supplement: (per day of use)","","","integer","1","3000","","[nut_o_ons_dur]>=57","y","","","","","#cdi #UNBLINDING#"
"nut_o_ons_calories_58","nutritional_outcomes","","text","DAY 58 - Daily calories administered by Oral nutritional supplement: (per day of use)","","","integer","1","3000","","[nut_o_ons_dur]>=58","y","","","","","#cdi #UNBLINDING#"
"nut_o_ons_calories_59","nutritional_outcomes","","text","DAY 59 - Daily calories administered by Oral nutritional supplement: (per day of use)","","","integer","1","3000","","[nut_o_ons_dur]>=59","y","","","","","#cdi #UNBLINDING#"
"nut_o_ons_calories_60","nutritional_outcomes","","text","DAY 60 - Daily calories administered by Oral nutritional supplement: (per day of use)","","","integer","1","3000","","[nut_o_ons_dur]>=60","y","","","","","#cdi #UNBLINDING#"
"nut_o_ons_calories_61","nutritional_outcomes","","text","DAY 61 - Daily calories administered by Oral nutritional supplement: (per day of use)","","","integer","1","3000","","[nut_o_ons_dur]>=61","y","","","","","#cdi #UNBLINDING#"
"nut_o_ons_calories_62","nutritional_outcomes","","text","DAY 62 - Daily calories administered by Oral nutritional supplement: (per day of use)","","","integer","1","3000","","[nut_o_ons_dur]>=62","y","","","","","#cdi #UNBLINDING#"
"nut_o_ons_calories_63","nutritional_outcomes","","text","DAY 63 - Daily calories administered by Oral nutritional supplement: (per day of use)","","","integer","1","3000","","[nut_o_ons_dur]>=63","y","","","","","#cdi #UNBLINDING#"
"nut_o_ons_calories_64","nutritional_outcomes","","text","DAY 64 - Daily calories administered by Oral nutritional supplement: (per day of use)","","","integer","1","3000","","[nut_o_ons_dur]>=64","y","","","","","#cdi #UNBLINDING#"
"nut_o_ons_calories_65","nutritional_outcomes","","text","DAY 65 - Daily calories administered by Oral nutritional supplement: (per day of use)","","","integer","1","3000","","[nut_o_ons_dur]>=65","y","","","","","#cdi #UNBLINDING#"
"nut_o_ons_calories_66","nutritional_outcomes","","text","DAY 66 - Daily calories administered by Oral nutritional supplement: (per day of use)","","","integer","1","3000","","[nut_o_ons_dur]>=66","y","","","","","#cdi #UNBLINDING#"
"nut_o_ons_calories_67","nutritional_outcomes","","text","DAY 67 - Daily calories administered by Oral nutritional supplement: (per day of use)","","","integer","1","3000","","[nut_o_ons_dur]>=67","y","","","","","#cdi #UNBLINDING#"
"nut_o_ons_calories_68","nutritional_outcomes","","text","DAY 68 - Daily calories administered by Oral nutritional supplement: (per day of use)","","","integer","1","3000","","[nut_o_ons_dur]>=68","y","","","","","#cdi #UNBLINDING#"
"nut_o_ons_calories_69","nutritional_outcomes","","text","DAY 69 - Daily calories administered by Oral nutritional supplement: (per day of use)","","","integer","1","3000","","[nut_o_ons_dur]>=69","y","","","","","#cdi #UNBLINDING#"
"nut_o_ons_calories_70","nutritional_outcomes","","text","DAY 70 - Daily calories administered by Oral nutritional supplement: (per day of use)","","","integer","1","3000","","[nut_o_ons_dur]>=70","y","","","","","#cdi #UNBLINDING#"
"nut_o_ons_calories_71","nutritional_outcomes","","text","DAY 71 - Daily calories administered by Oral nutritional supplement: (per day of use)","","","integer","1","3000","","[nut_o_ons_dur]>=71","y","","","","","#cdi #UNBLINDING#"
"nut_o_ons_calories_72","nutritional_outcomes","","text","DAY 72 - Daily calories administered by Oral nutritional supplement: (per day of use)","","","integer","1","3000","","[nut_o_ons_dur]>=72","y","","","","","#cdi #UNBLINDING#"
"nut_o_ons_calories_73","nutritional_outcomes","","text","DAY 73 - Daily calories administered by Oral nutritional supplement: (per day of use)","","","integer","1","3000","","[nut_o_ons_dur]>=73","y","","","","","#cdi #UNBLINDING#"
"nut_o_ons_calories_74","nutritional_outcomes","","text","DAY 74 - Daily calories administered by Oral nutritional supplement: (per day of use)","","","integer","1","3000","","[nut_o_ons_dur]>=74","y","","","","","#cdi #UNBLINDING#"
"nut_o_ons_calories_75","nutritional_outcomes","","text","DAY 75 - Daily calories administered by Oral nutritional supplement: (per day of use)","","","integer","1","3000","","[nut_o_ons_dur]>=75","y","","","","","#cdi #UNBLINDING#"
"nut_o_ons_calories_76","nutritional_outcomes","","text","DAY 76 - Daily calories administered by Oral nutritional supplement: (per day of use)","","","integer","1","3000","","[nut_o_ons_dur]>=76","y","","","","","#cdi #UNBLINDING#"
"nut_o_ons_calories_77","nutritional_outcomes","","text","DAY 77 - Daily calories administered by Oral nutritional supplement: (per day of use)","","","integer","1","3000","","[nut_o_ons_dur]>=77","y","","","","","#cdi #UNBLINDING#"
"nut_o_ons_calories_78","nutritional_outcomes","","text","DAY 78 - Daily calories administered by Oral nutritional supplement: (per day of use)","","","integer","1","3000","","[nut_o_ons_dur]>=78","y","","","","","#cdi #UNBLINDING#"
"nut_o_ons_calories_79","nutritional_outcomes","","text","DAY 79 - Daily calories administered by Oral nutritional supplement: (per day of use)","","","integer","1","3000","","[nut_o_ons_dur]>=79","y","","","","","#cdi #UNBLINDING#"
"nut_o_ons_calories_80","nutritional_outcomes","","text","DAY 80 - Daily calories administered by Oral nutritional supplement: (per day of use)","","","integer","1","3000","","[nut_o_ons_dur]>=80","y","","","","","#cdi #UNBLINDING#"
"nut_o_ons_calories_81","nutritional_outcomes","","text","DAY 81 - Daily calories administered by Oral nutritional supplement: (per day of use)","","","integer","1","3000","","[nut_o_ons_dur]>=81","y","","","","","#cdi #UNBLINDING#"
"nut_o_ons_calories_82","nutritional_outcomes","","text","DAY 82 - Daily calories administered by Oral nutritional supplement: (per day of use)","","","integer","1","3000","","[nut_o_ons_dur]>=82","y","","","","","#cdi #UNBLINDING#"
"nut_o_ons_calories_83","nutritional_outcomes","","text","DAY 83 - Daily calories administered by Oral nutritional supplement: (per day of use)","","","integer","1","3000","","[nut_o_ons_dur]>=83","y","","","","","#cdi #UNBLINDING#"
"nut_o_ons_calories_84","nutritional_outcomes","","text","DAY 84 - Daily calories administered by Oral nutritional supplement: (per day of use)","","","integer","1","3000","","[nut_o_ons_dur]>=84","y","","","","","#cdi #UNBLINDING#"
"nut_o_ons_calories_85","nutritional_outcomes","","text","DAY 85 - Daily calories administered by Oral nutritional supplement: (per day of use)","","","integer","1","3000","","[nut_o_ons_dur]>=85","y","","","","","#cdi #UNBLINDING#"
"nut_o_ons_calories_86","nutritional_outcomes","","text","DAY 86 - Daily calories administered by Oral nutritional supplement: (per day of use)","","","integer","1","3000","","[nut_o_ons_dur]>=86","y","","","","","#cdi #UNBLINDING#"
"nut_o_ons_calories_87","nutritional_outcomes","","text","DAY 87 - Daily calories administered by Oral nutritional supplement: (per day of use)","","","integer","1","3000","","[nut_o_ons_dur]>=87","y","","","","","#cdi #UNBLINDING#"
"nut_o_ons_calories_88","nutritional_outcomes","","text","DAY 88 - Daily calories administered by Oral nutritional supplement: (per day of use)","","","integer","1","3000","","[nut_o_ons_dur]>=88","y","","","","","#cdi #UNBLINDING#"
"nut_o_ons_calories_89","nutritional_outcomes","","text","DAY 89 - Daily calories administered by Oral nutritional supplement: (per day of use)","","","integer","1","3000","","[nut_o_ons_dur]>=89","y","","","","","#cdi #UNBLINDING#"
"nut_o_ons_calories_90","nutritional_outcomes","","text","DAY 90 - Daily calories administered by Oral nutritional supplement: (per day of use)","","Form completion details","integer","1","3000","","[nut_o_ons_dur]>=90","y","","","","","#cdi #UNBLINDING#"
"nut_o_completed_by","nutritional_outcomes","","sql","Form completed by:","","","","","","","[nut_o_version]!=''","y","","","","","#cdi #UNBLINDING#"
"nut_o_completed_dt","nutritional_outcomes","","text","Date from completed:","","","date_dmy","[baseline_arm_1][iop_op_end_dt]","today","","[nut_o_version]!=''","y","","","","","#cdi #UNBLINDING# | // Min: Date of Index Operation ended:, Max: today \\"
"nut_o_stdfooter","nutritional_outcomes","","descriptive","Created by [nut_o_created_by] on [nut_o_created_dt] at [nut_o_created_tm]","","","","","","","","","","","","","#adm"
"nut_o_created_by","nutritional_outcomes","","text","Form created by","","","","","","","[nut_o_version]!=''","","","","","","#sys"
"nut_o_created_dt","nutritional_outcomes","","text","Form created date","","","date_dmy","","","","[nut_o_version]!=''","","","","","","#sys"
"nut_o_created_tm","nutritional_outcomes","","text","Form created time","","Form Status","time","","","","[nut_o_version]!=''","","","","","","#sys"
"nutritional_outcomes_complete","nutritional_outcomes","","dropdown","Complete?","0, Incomplete | 1, Unverified | 2, Complete","","","","","","","","","","","",""
"pop_version","post_operation","","dropdown","FORMAP Form Version","0, Dev | 1, 1.0","","","","","","[pop_version]!=''","","","","","","#sys"
"pop_stdhr","post_operation","","descriptive","Participant Trial Number [first-event-name][record_id] Participating site [record-dag-label]","","","","","","","","","","","","","#inf"
"pop_form_title","post_operation","","descriptive","Post Operation Form v[pop_version]","","","","","","","","","","","","","#inf"
"pop_assessment_dt","post_operation","","text","Date of Assessment:","","Re-addmission","date_dmy","[baseline_arm_1][iop_op_end_dt]","today","","[pop_version]!=''","y","","","","","#cdi | // Min: Date of Index Operation ended:, Max: today \\"
"pop_discharge_dttm","post_operation","","descriptive","Date and time of Hospital discharge: [discharge_arm_1][dis_discharge_dttm]","","","","","","","[discharge_arm_1][dis_discharge_dttm]!=''","","","","","","#cdi"
"pop_still_inpatient","post_operation","","radio","Is the participant still an inpatient following their index operation?","1, Yes | 0, No","","","","","","[pop_version]!='' AND [discharge_arm_1][dis_discharge_dttm]=''","y","RH","","","","#cdi"
"pop_1_i","post_operation","","descriptive","After exiting this form without saving, please complete the Hospital discharge form and then come back and complete the rest of this form","","","","","","","[pop_still_inpatient]='0'","","","","","","#inf"
"pop_2_i","post_operation","","descriptive","After saving this form, please complete the Hospital discharge form and then come back and complete the rest of this form","","","","","","","[event-name]='day_90_arm_1' AND [pop_still_inpatient]='1'","","","","","","#inf"
"pop_died","post_operation","","radio","Has the Participant died?","1, Yes | 0, No","","","","","","[pop_version]!=''","y","RH","","","","#cdi"
"pop_3_i","post_operation","","descriptive","Please complete an SAE form AND Trial Exit/Change of Status Form","","","","","","","[pop_died]='1'","","","","","","#inf"
"pop_term1","post_operation","","calctext","Term 1","","","","","","","[pop_version]!='' AND ([pop_still_inpatient]='0' OR ([event-name]='day_30_arm_1' AND [discharge_arm_1][dis_discharge_day]<30) OR ([event-name]='day_90_arm_1' AND [discharge_arm_1][dis_discharge_day]!=''))","","","","","","#sys"
"pop_readmission_yn","post_operation","","radio","Unplanned re-admission within [pop_term1] days post index operation discharge?","1, Yes | 0, No","","","","","","[pop_version]!='' AND ([pop_still_inpatient]='0' OR ([event-name]='day_30_arm_1' AND [discharge_arm_1][dis_discharge_day]<30) OR ([event-name]='day_90_arm_1' AND [discharge_arm_1][dis_discharge_day]!=''))","y","RH","","","","#cdi"
"pop_readmission_num","post_operation","","text","Number of unplanned re-admissions:","","","integer","1","9","","[pop_readmission_yn]='1'","y","","","","","#cdi"
"pop_4_i","post_operation","","descriptive","For each re-admission please answer the questions below","","","","","","","[pop_readmission_num]>=1","","","","","","#inf"
"pop_readmission_dt_1","post_operation","","text","[1]: Date of unplanned re-admission:","","","date_dmy","[baseline_arm_1][iop_op_end_dt]","today","","[pop_readmission_num]>=1","y","","","","","#cdi | // Min: Date of Index Operation ended:, Max: today \\"
"pop_readmission_rsn_1","post_operation","","dropdown","[1]: Reason for unplanned re-admission:","1, Complication directly related to operation | 2, Medical complication | 99, Other","","","","","","[pop_readmission_num]>=1","y","","","","","#cdi"
"pop_readmission_rsn_oth_1","post_operation","","text","[1]: Please specify other reason for unplanned re-admission:","","","","","","","[pop_readmission_rsn_1]='99'","y","","","","","#cdi"
"pop_readmission_dt_2","post_operation","","text","[2]: Date of unplanned re-admission:","","","date_dmy","[baseline_arm_1][iop_op_end_dt]","today","","[pop_readmission_num]>=2","y","","","","","#cdi | // Min: Date of Index Operation ended:, Max: today \\"
"pop_readmission_rsn_2","post_operation","","dropdown","[2]: Reason for unplanned re-admission:","1, Complication directly related to operation | 2, Medical complication | 99, Other","","","","","","[pop_readmission_num]>=2","y","","","","","#cdi"
"pop_readmission_rsn_oth_2","post_operation","","text","[2]: Please specify other reason for unplanned re-admission:","","","","","","","[pop_readmission_rsn_2]='99'","y","","","","","#cdi"
"pop_readmission_dt_3","post_operation","","text","[3]: Date of unplanned re-admission:","","","date_dmy","[baseline_arm_1][iop_op_end_dt]","today","","[pop_readmission_num]>=3","y","","","","","#cdi | // Min: Date of Index Operation ended:, Max: today \\"
"pop_readmission_rsn_3","post_operation","","dropdown","[3]: Reason for unplanned re-admission:","1, Complication directly related to operation | 2, Medical complication | 99, Other","","","","","","[pop_readmission_num]>=3","y","","","","","#cdi"
"pop_readmission_rsn_oth_3","post_operation","","text","[3]: Please specify other reason for unplanned re-admission:","","","","","","","[pop_readmission_rsn_3]='99'","y","","","","","#cdi"
"pop_readmission_dt_4","post_operation","","text","[4]: Date of unplanned re-admission:","","","date_dmy","[baseline_arm_1][iop_op_end_dt]","today","","[pop_readmission_num]>=4","y","","","","","#cdi | // Min: Date of Index Operation ended:, Max: today \\"
"pop_readmission_rsn_4","post_operation","","dropdown","[4]: Reason for unplanned re-admission:","1, Complication directly related to operation | 2, Medical complication | 99, Other","","","","","","[pop_readmission_num]>=4","y","","","","","#cdi"
"pop_readmission_rsn_oth_4","post_operation","","text","[4]: Please specify other reason for unplanned re-admission:","","","","","","","[pop_readmission_rsn_4]='99'","y","","","","","#cdi"
"pop_readmission_dt_5","post_operation","","text","[5]: Date of unplanned re-admission:","","","date_dmy","[baseline_arm_1][iop_op_end_dt]","today","","[pop_readmission_num]>=5","y","","","","","#cdi | // Min: Date of Index Operation ended:, Max: today \\"
"pop_readmission_rsn_5","post_operation","","dropdown","[5]: Reason for unplanned re-admission:","1, Complication directly related to operation | 2, Medical complication | 99, Other","","","","","","[pop_readmission_num]>=5","y","","","","","#cdi"
"pop_readmission_rsn_oth_5","post_operation","","text","[5]: Please specify other reason for unplanned re-admission:","","","","","","","[pop_readmission_rsn_5]='99'","y","","","","","#cdi"
"pop_readmission_dt_6","post_operation","","text","[6]: Date of unplanned re-admission:","","","date_dmy","[baseline_arm_1][iop_op_end_dt]","today","","[pop_readmission_num]>=6","y","","","","","#cdi | // Min: Date of Index Operation ended:, Max: today \\"
"pop_readmission_rsn_6","post_operation","","dropdown","[6]: Reason for unplanned re-admission:","1, Complication directly related to operation | 2, Medical complication | 99, Other","","","","","","[pop_readmission_num]>=6","y","","","","","#cdi"
"pop_readmission_rsn_oth_6","post_operation","","text","[6]: Please specify other reason for unplanned re-admission:","","","","","","","[pop_readmission_rsn_6]='99'","y","","","","","#cdi"
"pop_readmission_dt_7","post_operation","","text","[7]: Date of unplanned re-admission:","","","date_dmy","[baseline_arm_1][iop_op_end_dt]","today","","[pop_readmission_num]>=7","y","","","","","#cdi | // Min: Date of Index Operation ended:, Max: today \\"
"pop_readmission_rsn_7","post_operation","","dropdown","[7]: Reason for unplanned re-admission:","1, Complication directly related to operation | 2, Medical complication | 99, Other","","","","","","[pop_readmission_num]>=7","y","","","","","#cdi"
"pop_readmission_rsn_oth_7","post_operation","","text","[7]: Please specify other reason for unplanned re-admission:","","","","","","","[pop_readmission_rsn_7]='99'","y","","","","","#cdi"
"pop_readmission_dt_8","post_operation","","text","[8]: Date of unplanned re-admission:","","","date_dmy","[baseline_arm_1][iop_op_end_dt]","today","","[pop_readmission_num]>=8","y","","","","","#cdi | // Min: Date of Index Operation ended:, Max: today \\"
"pop_readmission_rsn_8","post_operation","","dropdown","[8]: Reason for unplanned re-admission:","1, Complication directly related to operation | 2, Medical complication | 99, Other","","","","","","[pop_readmission_num]>=8","y","","","","","#cdi"
"pop_readmission_rsn_oth_8","post_operation","","text","[8]: Please specify other reason for unplanned re-admission:","","","","","","","[pop_readmission_rsn_8]='99'","y","","","","","#cdi"
"pop_readmission_dt_9","post_operation","","text","[9]: Date of unplanned re-admission:","","","date_dmy","[baseline_arm_1][iop_op_end_dt]","today","","[pop_readmission_num]>=9","y","","","","","#cdi | // Min: Date of Index Operation ended:, Max: today \\"
"pop_readmission_rsn_9","post_operation","","dropdown","[9]: Reason for unplanned re-admission:","1, Complication directly related to operation | 2, Medical complication | 99, Other","","","","","","[pop_readmission_num]>=9","y","","","","","#cdi"
"pop_readmission_rsn_oth_9","post_operation","","text","[9]: Please specify other reason for unplanned re-admission:","","","","","","","[pop_readmission_rsn_9]='99'","y","","","","","#cdi"
"pop_term2","post_operation","","calctext","Term 2","","Complication assessment","","","","","","","","","","","#sys"
"pop_comp_i","post_operation","","descriptive","Since the participant's [pop_term2] days post operative time point have they developed any post-operative complications?","","","","","","","","","","","","","#cdi"
"pop_comp_uti","post_operation","","radio","Urinary tract infection","1, Yes | 0, No","","","","","","[pop_version]!=''","y","RH","","","","#cdi"
"pop_comp_aki","post_operation","","radio","Acute kidney injury (not present at admission)","1, Yes | 0, No","","","","","","[pop_version]!=''","y","RH","","","","#cdi"
"pop_comp_pneumo","post_operation","","radio","Pneumonia","1, Yes | 0, No","","","","","","[pop_version]!=''","y","RH","","","","#cdi"
"pop_comp_af","post_operation","","radio","Atrial fibrillation","1, Yes | 0, No","","","","","","[pop_version]!=''","y","RH","","","","#cdi"
"pop_comp_mi","post_operation","","radio","Myocardial infarction","1, Yes | 0, No","","","","","","[pop_version]!=''","y","RH","","","","#cdi"
"pop_comp_cva","post_operation","","radio","Cerebrovascular accident","1, Yes | 0, No","","","","","","[pop_version]!=''","y","RH","","","","#cdi"
"pop_comp_dvt","post_operation","","radio","Deep vein thrombosis","1, Yes | 0, No","","","","","","[pop_version]!=''","y","RH","","","","#cdi"
"pop_comp_pe","post_operation","","radio","Pulmonary embolism","1, Yes | 0, No","","","","","","[pop_version]!=''","y","RH","","","","#cdi"
"pop_comp_delirium","post_operation","","radio","Delirium","1, Yes | 0, No","","","","","","[pop_version]!=''","y","RH","","","","#cdi"
"pop_comp_intraap_collect","post_operation","","radio","Intra-abdominal collection","1, Yes | 0, No","","","","","","[pop_version]!=''","y","RH","","","","#cdi"
"pop_comp_ssi_sup","post_operation","","radio","Superficial surgical site infection","1, Yes | 0, No","","","","","","[pop_version]!=''","y","RH","","","","#cdi"
"pop_comp_ssi_deep","post_operation","","radio","Deep surgical site infection","1, Yes | 0, No","","","","","","[pop_version]!=''","y","RH","","","","#cdi"
"pop_comp_dehiscence_sup","post_operation","","radio","Superficial (skin) dehiscence","1, Yes | 0, No","","","","","","[pop_version]!=''","y","RH","","","","#cdi"
"pop_comp_dehiscence_deep","post_operation","","radio","Fascial (abdominal wall) dehiscence","1, Yes | 0, No","","","","","","[pop_version]!=''","y","RH","","","","#cdi"
"pop_comp_anastomotic_leak","post_operation","","radio","Anastomotic leak","1, Yes | 0, No","","","","","","[pop_version]!=''","y","RH","","","","#cdi"
"pop_5_i","post_operation","","descriptive","Please Note: The complications listed above are considered protocol-defined expected Serious Adverse Events as outlined in Section 10.5 of the TONIC Trial Protocol.","","These events are anticipated potential post-operative complications and having surgery, therefore do not require expedited reporting.","","","","","","","","","","","#inf"
"pop_comp_oth","post_operation","","radio","Other post-operative complications","1, Yes | 0, No","","","","","","[pop_version]!=''","y","RH","","","","#cdi"
"pop_comp_table","post_operation","","descriptive","The table below shows all post-operative complications reported across all assessments (discharge, day 30 and/or day 90). If the table is empty, no complications have been reported.","","","","","","","","","","","","","#inf"
"pop_comp_table_current","post_operation","","radio","Is the complications table up to date and correct?","1, Yes | 0, No","Form completion details","","","","","[pop_version]!=''","y","RH","","","","#cdi"
"pop_completed_by","post_operation","","sql","Form completed by:","","","","","","","[pop_version]!=''","y","","","","","#cdi"
"pop_completed_dt","post_operation","","text","Date from completed:","","","date_dmy","[baseline_arm_1][rand_dt]","today","","[pop_version]!=''","y","","","","","#cdi | // Min: Randomisation date, Max: today \\"
"pop_d30_q_complete_i","post_operation","","descriptive","Please ensure the participant's Day 30 questionnaires are completed","","","","","","","[baseline_arm_1][cntct_questionnaires_pref]!='' and [baseline_arm_1][cntct_questionnaires_pref]>=3 and (","","","","","","#inf"
"pop_d90_q_complete_i","post_operation","","descriptive","Please ensure the participant's Day 90 questionnaires are completed","","","","","","","[baseline_arm_1][cntct_questionnaires_pref]!='' and [baseline_arm_1][cntct_questionnaires_pref]>=3 and (","","","","","","#inf"
"pop_stdfooter","post_operation","","descriptive","Created by [pop_created_by] on [pop_created_dt] at [pop_created_tm]","","","","","","","","","","","","","#adm"
"pop_created_by","post_operation","","text","Form created by","","","","","","","[pop_version]!=''","","","","","","#sys"
"pop_created_dt","post_operation","","text","Form created date","","","date_dmy","","","","[pop_version]!=''","","","","","","#sys"
"pop_created_tm","post_operation","","text","Form created time","","Form Status","time","","","","[pop_version]!=''","","","","","","#sys"
"post_operation_complete","post_operation","","dropdown","Complete?","0, Incomplete | 1, Unverified | 2, Complete","","","","","","","","","","","",""
"pro_version","prodigi","","dropdown","FORMAP Form Version","0, Dev | 1, 1.0","","","","","","[pro_version]!=''","","","","","","#sys"
"pro_created_by","prodigi","","text","Form created by","","","","","","","[pro_version]!=''","","","","","","#sys"
"pro_created_dt","prodigi","","text","Form created date","","","date_dmy","","","","[pro_version]!=''","","","","","","#sys"
"pro_created_tm","prodigi","","text","Form created time","","","time","","","","[pro_version]!=''","","","","","","#sys"
"pro_created_role","prodigi","","text","Form created role","","","","","","","[pro_data_entry_method]!='1'","","","","","","#sys"
"pro_stdhr","prodigi","","descriptive","Participant Trial Number [first-event-name][record_id] Participating site [record-dag-label]","","","","","","","","","","","","","#inf"
"pro_form_title","prodigi","","descriptive","Patient Reported Outcomes of Gastrointestinal Recovery (PRO-diGI) Questionnaire v[pro_version]","","","","","","","","","","","","","#inf"
"pro_data_entry_method","prodigi","","dropdown","How was data obtained from the participant?","1, Online survey (participant entered directly) | 3, Paper in-person (transcribed by researcher) | 4, Interview (call from researcher OR complete with researcher; researcher enters participant's responses directly) | 2, Paper by post (transcribed by BCTU) | 0, Not obtained","","","","","","[pro_version]!=''","y","","","","","#adm"
"pro_not_obtained","prodigi","","textarea","Why was data not obtained?","","","","","","","[pro_data_entry_method]='0'","y","","","","","#adm"
"pro_received_dt","prodigi","","text","Date paper form received:","","","date_dmy","[baseline_arm_1][rand_dt]","today","","[pro_data_entry_method]='2'","y","","","","","#adm | // Min: Randomisation date, Max: today \\"
"pro_completed_dt_i","prodigi","","descriptive","When data is transcribed, ""Date completed"" is the date the responses were added to the form from which data is being added (e.g. date the paper form was completed)","","""Date entered"" is when this electronic form was completed when transcribing data.","","","","","[pro_data_entry_method]>'1'","","","","","","#inf"
"pro_completed_dt","prodigi","","text","Date participant provided response (Date completed/Date of completion):","","","date_dmy","[baseline_arm_1][rand_dt]","today","","[pro_data_entry_method]>0","y","","","","","#cdi | // Min: Randomisation date, Max: today \\"
"pro_entered_by","prodigi","","sql","Responses entered by","","","","","","","[pro_data_entry_method]>'1'","y","","","","","#adm"
"pro_entered_dt","prodigi","","text","Date responses entered","","Information","date_dmy","[baseline_arm_1][rand_dt]","today","","[pro_data_entry_method]>'1'","y","","","","","#adm | // Min: Randomisation date, Max: today \\"
"pro_1_i","prodigi","","descriptive","This questionnaire is designed to help us to assess how your gut is working after your recent hospital admission either for surgery, or with a problem related to your bowels.","","There are no right or wrong answers. Please answer by selecting the option which best describes how your gut has worked since your hospital admission based upon your own experiences.","","","","","[pro_data_entry_method]>0","","","","","","#inf"
"pro_nausea","prodigi","","radio","1. Have you had nausea (felt sick)?","1, Not at all | 2, A little | 3, Quite a Bit | 4, Very Much","","","","","","[pro_data_entry_method]>0","y","","","","","#cdi"
"pro_vomited","prodigi","","radio","2. Have you vomited?","1, Not at all | 2, A little | 3, Quite a Bit | 4, Very Much","","","","","","[pro_data_entry_method]>0","y","","","","","#cdi"
"pro_nausea_after","prodigi","","radio","3. Have you had nausea (felt sick) after eating?","1, Not at all | 2, A little | 3, Quite a Bit | 4, Very Much","","","","","","[pro_data_entry_method]>0","y","","","","","#cdi"
"pro_vomited_after","prodigi","","radio","4. Have you vomited after eating?","1, Not at all | 2, A little | 3, Quite a Bit | 4, Very Much","","","","","","[pro_data_entry_method]>0","y","","","","","#cdi"
"pro_change_food","prodigi","","radio","5. Have you had to change the type of food you eat?","1, Not at all | 2, A little | 3, Quite a Bit | 4, Very Much","","","","","","[pro_data_entry_method]>0","y","","","","","#cdi"
"pro_limit","prodigi","","radio","6. Have you had to limit how much you eat?","1, Not at all | 2, A little | 3, Quite a Bit | 4, Very Much","","","","","","[pro_data_entry_method]>0","y","","","","","#cdi"
"pro_slower","prodigi","","radio","7. Have you been eating slower than usual?","1, Not at all | 2, A little | 3, Quite a Bit | 4, Very Much","","","","","","[pro_data_entry_method]>0","y","","","","","#cdi"
"pro_appetite","prodigi","","radio","8. Have you lost your appetite?","1, Not at all | 2, A little | 3, Quite a Bit | 4, Very Much","","","","","","[pro_data_entry_method]>0","y","","","","","#cdi"
"pro_swallowing","prodigi","","radio","9. Have you had difficulty swallowing food?","1, Not at all | 2, A little | 3, Quite a Bit | 4, Very Much","","","","","","[pro_data_entry_method]>0","y","","","","","#cdi"
"pro_tried","prodigi","","radio","10. Have you felt more tired than usual?","1, Not at all | 2, A little | 3, Quite a Bit | 4, Very Much","","","","","","[pro_data_entry_method]>0","y","","","","","#cdi"
"pro_weaker","prodigi","","radio","11. Have you felt weaker than usual?","1, Not at all | 2, A little | 3, Quite a Bit | 4, Very Much","","","","","","[pro_data_entry_method]>0","y","","","","","#cdi"
"pro_activities","prodigi","","radio","12. Has it been difficult to do the activities you would like to do?","1, Not at all | 2, A little | 3, Quite a Bit | 4, Very Much","","","","","","[pro_data_entry_method]>0","y","","","","","#cdi"
"pro_2_i","prodigi","","descriptive","Please only complete questions 13 to 15 if you have opened your bowels (done a poo) since your hospital admission/operation, otherwise please skip to question 16. You may also skip to question 16 if you are fitted with a stoma","","","","","","","[pro_data_entry_method]>0 AND [is-survey]=0","","","","","","#inf"
"pro_open_bowels","prodigi","","radio","Have you opened your bowels (done a poo) since your hospital admission/operation?","1, Yes | 0, No","","","","","","[is-survey]='1' OR [pro_data_entry_method]='1'","y","RH","","","","#cdi"
"pro_stoma","prodigi","","radio","Do you have a stoma?","1, Yes | 0, No","","","","","","[is-survey]='1' OR [pro_data_entry_method]='1'","y","RH","","","","#cdi"
"pro_rush","prodigi","","radio","13. Have you had to rush to the toilet when you had the urge to open your bowels (do a poo)?","1, Not at all | 2, A little | 3, Quite a Bit | 4, Very Much | 5, Question not answered by participant","","","","","","([pro_open_bowels]='1' AND [pro_stoma]='0') OR [pro_data_entry_method]>1","y","","","","","#cdi"
"pro_diarrhoea","prodigi","","radio","14. Have you had diarrhoea?","1, Not at all | 2, A little | 3, Quite a Bit | 4, Very Much | 5, Question not answered by participant","","","","","","([pro_open_bowels]='1' AND [pro_stoma]='0') OR [pro_data_entry_method]>1","y","","","","","#cdi"
"pro_control_bowels","prodigi","","radio","15. Has it been difficult to control your bowels (control when you poo)?","1, Not at all | 2, A little | 3, Quite a Bit | 4, Very Much | 5, Question not answered by participant","","","","","","([pro_open_bowels]='1' AND [pro_stoma]='0') OR [pro_data_entry_method]>1","y","","","","","#cdi"
"pro_function","prodigi","","radio","16. Finally, we would like to know how good your gut function is today. Please give it a score from 0 to 10, where 0 means the worst gut function you can imagine and 10 means the best gut function you can imagine.","0, 0 | 1, 1 | 2, 2 | 3, 3 | 4, 4 | 5, 5 | 6, 6 | 7, 7 | 8, 8 | 9, 9 | 10, 10","Rating of my gut function today (0-10)","","","","","[pro_data_entry_method]>0","y","LH","","","","#cdi"
"pro_copyright","prodigi","","descriptive","The PRO-diGI © Copyright, Sheffield Teaching Hospitals NHS Foundation Trust 2023.","","All Rights Reserved. The authors have asserted their moral rights.","","","","","[pro_data_entry_method]>0","","","","","","#inf"
"pro_complete_i","prodigi","","descriptive","Ensure that Form Status is set to Complete - any other status will indicate the form is NOT present in terms of Return Rates and Forms Management.","","","","","","","[pro_data_entry_method]!='' and [pro_data_entry_method]>'1' and [prodigi_complete]!='2'","","","","","","#inf"
"pro_stdfooter","prodigi","","descriptive","Created by [pro_created_by] on [pro_created_dt] at [pro_created_tm]","","Form Status","","","","","[is-survey]=0","","","","","","#adm"
"prodigi_complete","prodigi","","dropdown","Complete?","0, Incomplete | 1, Unverified | 2, Complete","","","","","","","","","","","",""
"eq5d_copy_version","eq5d","","calctext","EQ-5D Copy Version","","","","","","","[eq5d_data_entry_method]>0","","","","","","#sys"
"eq5d_mobility_lb","eq5d","","calctext","""First, I would like to ask you about MOBILITY. Would you say that:"" or ""MOBILITY""","","","","","","","[eq5d_data_entry_method]>0","","","","","","#sys"
"eq5d_selfcare_lb","eq5d","","calctext","""Next, I would like to ask you about SELF-CARE. Would you say that:"" or ""SELF-CARE""","","","","","","","[eq5d_data_entry_method]>0","","","","","","#sys"
"eq5d_usual_act_lb","eq5d","","calctext","""Next, I would like to ask you about USUAL ACTIVITIES, for example, work, study, housework, family or leisure activities. Would you say that:"" or ""USUAL ACTIVITIES (e.g. work, study, housework, family or leisure activities)""","","","","","","","[eq5d_data_entry_method]>0","","","","","","#sys"
"eq5d_pain_discomf_lb","eq5d","","calctext","""Next, I would like to ask you about PAIN OR DISCOMFORT. Would you say that:"" or ""PAIN / DISCOMFORT""","","","","","","","[eq5d_data_entry_method]>0","","","","","","#sys"
"eq5d_anx_depress_lb","eq5d","","calctext","""Finally, I would like to ask you about ANXIETY OR DEPRESSION. Would you say that:"" or ""ANXIETY / DEPRESSION""","","","","","","","[eq5d_data_entry_method]>0","","","","","","#sys"
"eq5d_option_lb_1","eq5d","","calctext","Option label 1: ""You"" or ""I""","","","","","","","[eq5d_data_entry_method]>0","","","","","","#sys"
"eq5d_option_lb_2","eq5d","","calctext","Option label 2: ""You are"" or ""I am""","","","","","","","[eq5d_data_entry_method]>0","","","","","","#sys"
"eq5d_option_lb_3","eq5d","","calctext","Option label 3: ""your"" or ""my""","","","","","","","[eq5d_data_entry_method]>0","","","","","","#sys"
"eq5d_option_lb_4","eq5d","","calctext","Option label 4: ""?"" or "" ""","","","","","","","[eq5d_data_entry_method]>0","","","","","","#sys"
"eq5d_health_vas_lb","eq5d","","calctext",""" Now, I would like to ask you to say how good or bad your health is TODAY. I would like you to picture in your mind a vertical line that is numbered from 0 to 100.","","(Note to interviewer: if interviewing face-to-face, please show the respondent the VAS line.) 100 at the top of the line means the best health you can imagine.","","","","","[eq5d_data_entry_method]>0","","","","","","#sys"
"eq5d_created_by","eq5d","","text","Created by","","","","","","","[eq5d_created_by]!=''","","","","","","#sys"
"eq5d_created_dt","eq5d","","text","Created date","","","date_dmy","","","","[eq5d_created_by]!=''","","","","","","#sys"
"eq5d_created_tm","eq5d","","text","Created time","","","time_hh_mm_ss","","","","[eq5d_created_by]!=''","","","","","","#sys"
"eq5d_created_role","eq5d","","text","Form created role","","","","","","","[eq5d_data_entry_method]!='1'","","","","","","#sys"
"eq5d_stdheader","eq5d","","descriptive","Participant Trial Number [first-event-name][record_id] Participating site [record-dag-label]","","","","","","","","","","","","","#inf"
"eq5d_data_entry_method","eq5d","","dropdown","How was data obtained from the participant?","1, Online survey (participant entered directly) | 3, Paper in-person (transcribed by researcher) | 4, Interview (call from researcher OR complete with researcher; researcher enters participant's responses directly) | 2, Paper by post (transcribed by BCTU) | 0, Not obtained","","","","","","[eq5d_created_by]!=''","y","","","","","#adm"
"eq5d_not_obtained","eq5d","","textarea","Why was data not obtained?","","","","","","","[eq5d_data_entry_method]='0'","y","","","","","#adm"
"eq5d_received_dt","eq5d","","text","Date paper form received:","","","date_dmy","[baseline_arm_1][cae_consent_rec_dt]","today","","[eq5d_data_entry_method]='2'","y","","","","","#adm | // Min: Date and time [cae_term3] was received:, Max: today \\"
"eq5d_completed_dt_i","eq5d","","descriptive","When data is transcribed, ""Date completed"" is the date the responses were added to the form from which data is being added (e.g. date the paper form was completed)","","""Date entered"" is when this electronic form was completed when transcribing data.","","","","","[eq5d_data_entry_method]>1","","","","","","#inf"
"eq5d_completed_dt","eq5d","","text","Date participant provided response (Date completed/Date of completion):","","","date_dmy","[baseline_arm_1][cae_consent_rec_dt]","today","","[eq5d_data_entry_method]>0","y","","","","","#cdi | // Min: Date and time [cae_term3] was received:, Max: today \\"
"eq5d_entered_by","eq5d","","sql","Responses entered by","","","","","","","[eq5d_data_entry_method]>1","y","","","","","#adm"
"eq5d_entered_dt","eq5d","","text","Date responses entered","","","date_dmy","[baseline_arm_1][cae_consent_rec_dt]","today","","[eq5d_data_entry_method]>1","y","","","","","#adm | // Min: Date and time [cae_term3] was received:, Max: today \\"
"eq5d_cover_ia","eq5d","","descriptive","Health Questionnaire","","English version for the UK","","","","","[eq5d_data_entry_method]='4'","","","","","","#inf"
"eq5d_cover_sc","eq5d","","descriptive","Health Questionnaire","","English version for the UK","","","","","[eq5d_data_entry_method]>=1 AND [eq5d_data_entry_method]<=3","","","","","","#inf"
"eq5d_copy_1i","eq5d","","descriptive","© EuroQol Research Foundation. EQ-5D™ is a trade mark of the EuroQol Research Foundation. UK (English) v[eq5d_copy_version]","","","","","","","[eq5d_data_entry_method]>0","","","","","","#inf"
"eq5d_note_ia_i","eq5d","","descriptive","Note to interviewer: although allowance should be made for the interviewer's particular style of speaking, the wording of the questionnaire instructions should be followed as closely as possible. In the case of the EQ-5D-5L descriptive system of the questionnaire, the precise wording must be followed.","","If the respondent has difficulty choosing a response or asks for clarification, the interviewer should repeat the question word for word and ask the respondent to answer in a way that most closely resembles his or her thoughts about his or her health today.","","","","","[eq5d_data_entry_method]='4'","","","","","","#inf"
"eq5d_copy_2i","eq5d","","descriptive","© EuroQol Research Foundation. EQ-5D™ is a trade mark of the EuroQol Research Foundation. UK (English) v[eq5d_copy_version]","","","","","","","[eq5d_data_entry_method]='4'","","","","","","#inf"
"eq5d_intro_ia_i","eq5d","","descriptive","INTRODUCTION","","(Note to interviewer: please read the following to the respondent.)","","","","","[eq5d_data_entry_method]='4'","","","","","","#inf"
"eq5d_copy_3i","eq5d","","descriptive","© EuroQol Research Foundation. EQ-5D™ is a trade mark of the EuroQol Research Foundation. UK (English) v[eq5d_copy_version]","","","","","","","[eq5d_data_entry_method]='4'","","","","","","#inf"
"eq5d_subhd_desc_ia","eq5d","","descriptive","","","EQ-5D DESCRIPTIVE SYSTEM","","","","","[eq5d_data_entry_method]='4'","","","","","","#inf"
"eq5d_copy_4i","eq5d","","descriptive","© EuroQol Research Foundation. EQ-5D™ is a trade mark of the EuroQol Research Foundation. UK (English) v[eq5d_copy_version]","","","","","","","[eq5d_data_entry_method]='4'","","","","","","#inf"
"eq5d_instr_sc_1i","eq5d","","descriptive","Please select the ONE box that best describes your health TODAY.","","","","","","","[eq5d_data_entry_method]>=1 AND [eq5d_data_entry_method]<=3","","","","","","#inf"
"eq5d_mobility","eq5d","","radio","[eq5d_mobility_lb]","1, [eq5d_option_lb_1] have no problems in walking about[eq5d_option_lb_4] | 2, [eq5d_option_lb_1] have slight problems in walking about[eq5d_option_lb_4] | 3, [eq5d_option_lb_1] have moderate problems in walking about[eq5d_option_lb_4] | 4, [eq5d_option_lb_1] have severe problems in walking about[eq5d_option_lb_4] | 5, [eq5d_option_lb_2] unable to walk about[eq5d_option_lb_4]","","","","","","[eq5d_data_entry_method]>0","y","LV","","","","#cdi"
"eq5d_copy_5i","eq5d","","descriptive","© EuroQol Research Foundation. EQ-5D™ is a trade mark of the EuroQol Research Foundation. UK (English) v[eq5d_copy_version]","","","","","","","[eq5d_data_entry_method]>0","","","","","","#inf"
"eq5d_instr_sc_2i","eq5d","","descriptive","Please select the ONE box that best describes your health TODAY.","","","","","","","[eq5d_data_entry_method]>=1 AND [eq5d_data_entry_method]<=3","","","","","","#inf"
"eq5d_selfcare","eq5d","","radio","[eq5d_selfcare_lb]","1, [eq5d_option_lb_1] have no problems washing or dressing [eq5d_option_lb_3]self[eq5d_option_lb_4] | 2, [eq5d_option_lb_1] have slight problems washing or dressing [eq5d_option_lb_3]self[eq5d_option_lb_4] | 3, [eq5d_option_lb_1] have moderate problems washing or dressing [eq5d_option_lb_3]self[eq5d_option_lb_4] | 4, [eq5d_option_lb_1] have severe problems washing or dressing [eq5d_option_lb_3]self[eq5d_option_lb_4] | 5, [eq5d_option_lb_2] unable to wash or dress [eq5d_option_lb_3]self[eq5d_option_lb_4]","","","","","","[eq5d_data_entry_method]>0","y","LV","","","","#cdi"
"eq5d_copy_6i","eq5d","","descriptive","© EuroQol Research Foundation. EQ-5D™ is a trade mark of the EuroQol Research Foundation. UK (English) v[eq5d_copy_version]","","","","","","","[eq5d_data_entry_method]>0","","","","","","#inf"
"eq5d_instr_sc_3i","eq5d","","descriptive","Please select the ONE box that best describes your health TODAY.","","","","","","","[eq5d_data_entry_method]>=1 AND [eq5d_data_entry_method]<=3","","","","","","#inf"
"eq5d_usual_act","eq5d","","radio","[eq5d_usual_act_lb]","1, [eq5d_option_lb_1] have no problems doing [eq5d_option_lb_3] usual activities[eq5d_option_lb_4] | 2, [eq5d_option_lb_1] have slight problems doing [eq5d_option_lb_3] usual activities[eq5d_option_lb_4] | 3, [eq5d_option_lb_1] have moderate problems doing [eq5d_option_lb_3] usual activities[eq5d_option_lb_4] | 4, [eq5d_option_lb_1] have severe problems doing [eq5d_option_lb_3] usual activities[eq5d_option_lb_4] | 5, [eq5d_option_lb_2] unable to do [eq5d_option_lb_3] usual activities[eq5d_option_lb_4]","","","","","","[eq5d_data_entry_method]>0","y","LV","","","","#cdi"
"eq5d_copy_7i","eq5d","","descriptive","© EuroQol Research Foundation. EQ-5D™ is a trade mark of the EuroQol Research Foundation. UK (English) v[eq5d_copy_version]","","","","","","","[eq5d_data_entry_method]>0","","","","","","#inf"
"eq5d_instr_sc_4i","eq5d","","descriptive","Please select the ONE box that best describes your health TODAY.","","","","","","","[eq5d_data_entry_method]>=1 AND [eq5d_data_entry_method]<=3","","","","","","#inf"
"eq5d_pain_discomf","eq5d","","radio","[eq5d_pain_discomf_lb]","1, [eq5d_option_lb_1] have no pain or discomfort[eq5d_option_lb_4] | 2, [eq5d_option_lb_1] have slight pain or discomfort[eq5d_option_lb_4] | 3, [eq5d_option_lb_1] have moderate pain or discomfort[eq5d_option_lb_4] | 4, [eq5d_option_lb_1] have severe pain or discomfort[eq5d_option_lb_4] | 5, [eq5d_option_lb_1] have extreme pain or discomfort[eq5d_option_lb_4]","","","","","","[eq5d_data_entry_method]>0","y","LV","","","","#cdi"
"eq5d_copy_8i","eq5d","","descriptive","© EuroQol Research Foundation. EQ-5D™ is a trade mark of the EuroQol Research Foundation. UK (English) v[eq5d_copy_version]","","","","","","","[eq5d_data_entry_method]>0","","","","","","#inf"
"eq5d_instr_sc_5i","eq5d","","descriptive","Please select the ONE box that best describes your health TODAY.","","","","","","","[eq5d_data_entry_method]>=1 AND [eq5d_data_entry_method]<=3","","","","","","#inf"
"eq5d_anx_depress","eq5d","","radio","[eq5d_anx_depress_lb]","1, [eq5d_option_lb_2] not anxious or depressed[eq5d_option_lb_4] | 2, [eq5d_option_lb_2] slightly anxious or depressed[eq5d_option_lb_4] | 3, [eq5d_option_lb_2] moderately anxious or depressed[eq5d_option_lb_4] | 4, [eq5d_option_lb_2] severely anxious or depressed[eq5d_option_lb_4] | 5, [eq5d_option_lb_2] extremely anxious or depressed[eq5d_option_lb_4]","","","","","","[eq5d_data_entry_method]>0","y","LV","","","","#cdi"
"eq5d_copy_9i","eq5d","","descriptive","© EuroQol Research Foundation. EQ-5D™ is a trade mark of the EuroQol Research Foundation. UK (English) v[eq5d_copy_version]","","","","","","","[eq5d_data_entry_method]>0","","","","","","#inf"
"eq5d_subhd_vas_ia","eq5d","","descriptive","","","EQ-5D VAS","","","","","[eq5d_data_entry_method]='4'","","","","","","#inf"
"eq5d_copy_10i","eq5d","","descriptive","© EuroQol Research Foundation. EQ-5D™ is a trade mark of the EuroQol Research Foundation. UK (English) v[eq5d_copy_version]","","","","","","","[eq5d_data_entry_method]='4'","","","","","","#inf"
"eq5d_intro_vas_ia_i","eq5d","","descriptive","","","Now, I would like to ask you to say how good or bad your health is TODAY.","","","","","[eq5d_data_entry_method]='4'","","","","","","#inf"
"eq5d_copy_11i","eq5d","","descriptive","© EuroQol Research Foundation. EQ-5D™ is a trade mark of the EuroQol Research Foundation. UK (English) v[eq5d_copy_version]","","","","","","","[eq5d_data_entry_method]='4'","","","","","","#inf"
"eq5d_health_vas","eq5d","","slider","","","","number","","","","[eq5d_data_entry_method]>0","y","RV","","","","#cdi"
"eq5d_copy_12i","eq5d","","descriptive","© EuroQol Research Foundation. EQ-5D™ is a trade mark of the EuroQol Research Foundation. UK (English) v[eq5d_copy_version]","","","","","","","[eq5d_data_entry_method]>0","","","","","","#inf"
"eq5d_complete_i","eq5d","","descriptive","Ensure that Form Status is set to Complete - any other status will indicate the form is NOT present in terms of Return Rates and Forms Management.","","","","","","","[eq5d_data_entry_method]!='' and [eq5d_data_entry_method]>'1' and [eq5d_complete]!='2'","","","","","","#inf"
"eq5d_stdfooter","eq5d","","descriptive","Created by [eq5d_created_by] on [eq5d_created_dt] at [eq5d_created_tm]","","Form Status","","","","","[is-survey]=0","","","","","","#sys"
"eq5d_complete","eq5d","","dropdown","Complete?","0, Incomplete | 1, Unverified | 2, Complete","","","","","","","","","","","",""
"qor15_version","qor15","","dropdown","FORMAP Form Version","0, Dev | 1, 1.0","","","","","","[qor15_version]!=''","","","","","","#sys"
"qor15_created_by","qor15","","text","Form created by","","","","","","","[qor15_version]!=''","","","","","","#sys"
"qor15_created_dt","qor15","","text","Form created date","","","date_dmy","","","","[qor15_version]!=''","","","","","","#sys"
"qor15_created_tm","qor15","","text","Form created time","","","time","","","","[qor15_version]!=''","","","","","","#sys"
"qor15_created_role","qor15","","text","Form created role","","","","","","","[qor15_data_entry_method]!='1'","","","","","","#sys"
"qor15_stdhr","qor15","","descriptive","Participant Trial Number [first-event-name][record_id] Participating site [record-dag-label]","","","","","","","","","","","","","#inf"
"qor15_form_title","qor15","","descriptive","Quality of Recovery-15 (QoR-15) Questionnaire v[qor15_version]","","","","","","","","","","","","","#inf"
"qor15_data_entry_method","qor15","","dropdown","How was data obtained from the participant?","1, Online survey (participant entered directly) | 3, Paper in-person (transcribed by researcher) | 4, Interview (call from researcher OR complete with researcher; researcher enters participant's responses directly) | 2, Paper by post (transcribed by BCTU) | 0, Not obtained","","","","","","[qor15_version]!=''","y","","","","","#adm"
"qor15_not_obtained","qor15","","textarea","Why was data not obtained?","","","","","","","[qor15_data_entry_method]='0'","y","","","","","#adm"
"qor15_received_dt","qor15","","text","Date paper form received:","","","date_dmy","[baseline_arm_1][rand_dt]","today","","[qor15_data_entry_method]='2'","y","","","","","#adm | // Min: Randomisation date, Max: today \\"
"qor15_completed_dt_i","qor15","","descriptive","When data is transcribed, ""Date completed"" is the date the responses were added to the form from which data is being added (e.g. date the paper form was completed)","","""Date entered"" is when this electronic form was completed when transcribing data.","","","","","[qor15_data_entry_method]>'1'","","","","","","#inf"
"qor15_completed_dt","qor15","","text","Date participant provided response (Date completed/Date of completion):","","","date_dmy","[baseline_arm_1][rand_dt]","today","","[qor15_data_entry_method]>0","y","","","","","#cdi | // Min: Randomisation date, Max: today \\"
"qor15_entered_by","qor15","","sql","Responses entered by","","","","","","","[qor15_data_entry_method]>'1'","y","","","","","#adm"
"qor15_entered_dt","qor15","","text","Date responses entered","","Part A: How have you been feeling in the last 24 hours?","date_dmy","[baseline_arm_1][rand_dt]","today","","[qor15_data_entry_method]>'1'","y","","","","","#adm | // Min: Randomisation date, Max: today \\"
"qor15_1_i","qor15","","descriptive","0 to 10, where 0 = none of the time (poor) and 10 = all of the time (excellent)","","","","","","","[qor15_data_entry_method]>0","","","","","","#inf"
"qor15_breath_easily","qor15","","radio","1. Able to breathe easily:","0, 0 | 1, 1 | 2, 2 | 3, 3 | 4, 4 | 5, 5 | 6, 6 | 7, 7 | 8, 8 | 9, 9 | 10, 10"," (0) None of the time All of the time (10) ","","","","","[qor15_data_entry_method]>0","y","LH","","","","#cdi"
"qor15_enjoy_food","qor15","","radio","2. Been able to enjoy food:","0, 0 | 1, 1 | 2, 2 | 3, 3 | 4, 4 | 5, 5 | 6, 6 | 7, 7 | 8, 8 | 9, 9 | 10, 10"," (0) None of the time All of the time (10) ","","","","","[qor15_data_entry_method]>0","y","LH","","","","#cdi"
"qor15_feeling_rested","qor15","","radio","3. Feeling rested:","0, 0 | 1, 1 | 2, 2 | 3, 3 | 4, 4 | 5, 5 | 6, 6 | 7, 7 | 8, 8 | 9, 9 | 10, 10"," (0) None of the time All of the time (10) ","","","","","[qor15_data_entry_method]>0","y","LH","","","","#cdi"
"qor15_good_sleep","qor15","","radio","4. Have had a good sleep:","0, 0 | 1, 1 | 2, 2 | 3, 3 | 4, 4 | 5, 5 | 6, 6 | 7, 7 | 8, 8 | 9, 9 | 10, 10"," (0) None of the time All of the time (10) ","","","","","[qor15_data_entry_method]>0","y","LH","","","","#cdi"
"qor15_look_after_unaided","qor15","","radio","5. Able to look after personal toilet and hygiene unaided:","0, 0 | 1, 1 | 2, 2 | 3, 3 | 4, 4 | 5, 5 | 6, 6 | 7, 7 | 8, 8 | 9, 9 | 10, 10"," (0) None of the time All of the time (10) ","","","","","[qor15_data_entry_method]>0","y","LH","","","","#cdi"
"qor15_communicate","qor15","","radio","6. Able to communicate with family or friends:","0, 0 | 1, 1 | 2, 2 | 3, 3 | 4, 4 | 5, 5 | 6, 6 | 7, 7 | 8, 8 | 9, 9 | 10, 10"," (0) None of the time All of the time (10) ","","","","","[qor15_data_entry_method]>0","y","LH","","","","#cdi"
"qor15_support","qor15","","radio","7. Getting support from hospital doctors and nurses:","0, 0 | 1, 1 | 2, 2 | 3, 3 | 4, 4 | 5, 5 | 6, 6 | 7, 7 | 8, 8 | 9, 9 | 10, 10"," (0) None of the time All of the time (10) ","","","","","[qor15_data_entry_method]>0","y","LH","","","","#cdi"
"qor15_return_activities","qor15","","radio","8. Able to return to work or usual home activities:","0, 0 | 1, 1 | 2, 2 | 3, 3 | 4, 4 | 5, 5 | 6, 6 | 7, 7 | 8, 8 | 9, 9 | 10, 10"," (0) None of the time All of the time (10) ","","","","","[qor15_data_entry_method]>0","y","LH","","","","#cdi"
"qor15_comfortable_control","qor15","","radio","9. Feeling comfortable and in control:","0, 0 | 1, 1 | 2, 2 | 3, 3 | 4, 4 | 5, 5 | 6, 6 | 7, 7 | 8, 8 | 9, 9 | 10, 10"," (0) None of the time All of the time (10) ","","","","","[qor15_data_entry_method]>0","y","LH","","","","#cdi"
"qor15_well_being","qor15","","radio","10. Having a feeling of general well-being:","0, 0 | 1, 1 | 2, 2 | 3, 3 | 4, 4 | 5, 5 | 6, 6 | 7, 7 | 8, 8 | 9, 9 | 10, 10"," (0) None of the time All of the time (10) ","","","","","[qor15_data_entry_method]>0","y","LH","","","","#cdi"
"qor15_2_i","qor15","","descriptive","10 to 0 where: 10 = none of the time (excellent) and 0 = all of the time time (poor)","","","","","","","[qor15_data_entry_method]>0","","","","","","#inf"
"qor15_moderate_pain","qor15","","radio","11. Moderate pain:","10, 10 | 9, 9 | 8, 8 | 7, 7 | 6, 6 | 5, 5 | 4, 4 | 3, 3 | 2, 2 | 1, 1 | 0, 0"," (10) None of the time All of the time (0) ","","","","","[qor15_data_entry_method]>0","y","LH","","","","#cdi"
"qor15_severe_pain","qor15","","radio","12. Severe pain:","10, 10 | 9, 9 | 8, 8 | 7, 7 | 6, 6 | 5, 5 | 4, 4 | 3, 3 | 2, 2 | 1, 1 | 0, 0"," (10) None of the time All of the time (0) ","","","","","[qor15_data_entry_method]>0","y","LH","","","","#cdi"
"qor15_nausea_vomiting","qor15","","radio","13. Nausea or vomiting:","10, 10 | 9, 9 | 8, 8 | 7, 7 | 6, 6 | 5, 5 | 4, 4 | 3, 3 | 2, 2 | 1, 1 | 0, 0"," (10) None of the time All of the time (0) ","","","","","[qor15_data_entry_method]>0","y","LH","","","","#cdi"
"qor15_worried_anxious","qor15","","radio","14. Feeling worried or anxious:","10, 10 | 9, 9 | 8, 8 | 7, 7 | 6, 6 | 5, 5 | 4, 4 | 3, 3 | 2, 2 | 1, 1 | 0, 0"," (10) None of the time All of the time (0) ","","","","","[qor15_data_entry_method]>0","y","LH","","","","#cdi"
"qor15_sad_depressed","qor15","","radio","15. Feeling sad or depressed:","10, 10 | 9, 9 | 8, 8 | 7, 7 | 6, 6 | 5, 5 | 4, 4 | 3, 3 | 2, 2 | 1, 1 | 0, 0"," (10) None of the time All of the time (0) ","","","","","[qor15_data_entry_method]>0","y","LH","","","","#cdi"
"qor15_complete_i","qor15","","descriptive","Ensure that Form Status is set to Complete - any other status will indicate the form is NOT present in terms of Return Rates and Forms Management.","","","","","","","[qor15_data_entry_method]!='' and [qor15_data_entry_method]>'1' and [qor15_complete]!='2'","","","","","","#inf"
"qor15_stdfooter","qor15","","descriptive","Created by [qor15_created_by] on [qor15_created_dt] at [qor15_created_tm]","","Form Status","","","","","[is-survey]=0","","","","","","#adm"
"qor15_complete","qor15","","dropdown","Complete?","0, Incomplete | 1, Unverified | 2, Complete","","","","","","","","","","","",""
"ptsat_version","patient_satisfaction","","dropdown","FORMAP Form Version","0, Dev | 1, 1.0","","","","","","[ptsat_version]!=''","","","","","","#sys"
"ptsat_created_by","patient_satisfaction","","text","Form created by","","","","","","","[ptsat_version]!=''","","","","","","#sys"
"ptsat_created_dt","patient_satisfaction","","text","Form created date","","","date_dmy","","","","[ptsat_version]!=''","","","","","","#sys"
"ptsat_created_tm","patient_satisfaction","","text","Form created time","","","time","","","","[ptsat_version]!=''","","","","","","#sys"
"ptsat_created_role","patient_satisfaction","","text","Form created role","","","","","","","[ptsat_data_entry_method]!='1'","","","","","","#sys"
"ptsat_stdhr","patient_satisfaction","","descriptive","Participant Trial Number [first-event-name][record_id] Participating site [record-dag-label]","","","","","","","","","","","","","#inf"
"ptsat_form_title","patient_satisfaction","","descriptive","VAS Patient Satisfaction v[ptsat_version]","","","","","","","","","","","","","#inf"
"ptsat_data_entry_method","patient_satisfaction","","dropdown","How was data obtained from the participant?","1, Online survey (participant entered directly) | 3, Paper in-person (transcribed by researcher) | 4, Interview (call from researcher OR complete with researcher; researcher enters participant's responses directly) | 2, Paper by post (transcribed by BCTU) | 0, Not obtained","","","","","","[ptsat_version]!=''","y","","","","","#adm"
"ptsat_not_obtained","patient_satisfaction","","textarea","Why was data not obtained?","","","","","","","[ptsat_data_entry_method]='0'","y","","","","","#adm"
"ptsat_received_dt","patient_satisfaction","","text","Date paper form received:","","","date_dmy","[baseline_arm_1][rand_dt]","today","","[ptsat_data_entry_method]='2'","y","","","","","#adm | // Min: Randomisation date, Max: today \\"
"ptsat_completed_dt_i","patient_satisfaction","","descriptive","When data is transcribed, ""Date completed"" is the date the responses were added to the form from which data is being added (e.g. date the paper form was completed)","","""Date entered"" is when this electronic form was completed when transcribing data.","","","","","[ptsat_data_entry_method]>'1'","","","","","","#inf"
"ptsat_completed_dt","patient_satisfaction","","text","Date participant provided response (Date completed/Date of completion):","","","date_dmy","[baseline_arm_1][rand_dt]","today","","[ptsat_data_entry_method]>0","y","","","","","#cdi | // Min: Randomisation date, Max: today \\"
"ptsat_entered_by","patient_satisfaction","","sql","Responses entered by","","","","","","","[ptsat_data_entry_method]>'1'","y","","","","","#adm"
"ptsat_entered_dt","patient_satisfaction","","text","Date responses entered","","Patient Satisfaction","date_dmy","[baseline_arm_1][rand_dt]","today","","[ptsat_data_entry_method]>'1'","y","","","","","#adm | // Min: Randomisation date, Max: today \\"
"ptsat_how_satisfied_tx","patient_satisfaction","","slider","How satisfied are you with this treatment? Provide a response between 0 and 100. (0 = Not at all satisfied and 100 = Very satisfied.)","","","number","0","100","","[ptsat_data_entry_method]>0","y","LH","","","","#cdi"
"ptsat_complete_i","patient_satisfaction","","descriptive","Ensure that Form Status is set to Complete - any other status will indicate the form is NOT present in terms of Return Rates and Forms Management.","","","","","","","[ptsat_data_entry_method]!='' and [ptsat_data_entry_method]>'1' and [patient_satisfaction_complete]!='2'","","","","","","#inf"
"ptsat_stdfooter","patient_satisfaction","","descriptive","Created by [ptsat_created_by] on [ptsat_created_dt] at [ptsat_created_tm]","","Form Status","","","","","[is-survey]=0","","","","","","#adm"
"patient_satisfaction_complete","patient_satisfaction","","dropdown","Complete?","0, Incomplete | 1, Unverified | 2, Complete","","","","","","","","","","","",""
"hruq_version","hruq","","dropdown","FORMAP Form Version","0, Dev | 1, 1.0","","","","","","[hruq_version]!=''","","","","","","#sys"
"hruq_created_by","hruq","","text","Form created by","","","","","","","[hruq_version]!=''","","","","","","#sys"
"hruq_created_dt","hruq","","text","Form created date","","","date_dmy","","","","[hruq_version]!=''","","","","","","#sys"
"hruq_created_tm","hruq","","text","Form created time","","","time","","","","[hruq_version]!=''","","","","","","#sys"
"hruq_created_role","hruq","","text","Form created role","","","","","","","[hruq_data_entry_method]!='1'","","","","","","#sys"
"hruq_stdhr","hruq","","descriptive","Participant Trial Number [first-event-name][record_id] Participating site [record-dag-label]","","","","","","","","","","","","","#inf"
"hruq_form_title","hruq","","descriptive","Heath Resource Use Questionnaire v[hruq_version]","","","","","","","","","","","","","#inf"
"hruq_data_entry_method","hruq","","dropdown","How was data obtained from the participant?","1, Online survey (participant entered directly) | 3, Paper in-person (transcribed by researcher) | 4, Interview (call from researcher OR complete with researcher; researcher enters participant's responses directly) | 2, Paper by post (transcribed by BCTU) | 0, Not obtained","","","","","","[hruq_version]!=''","y","","","","","#adm"
"hruq_not_obtained","hruq","","textarea","Why was data not obtained?","","","","","","","[hruq_data_entry_method]='0'","y","","","","","#adm"
"hruq_received_dt","hruq","","text","Date paper form received:","","","date_dmy","[baseline_arm_1][cae_consent_rec_dt]","today","","[hruq_data_entry_method]='2'","y","","","","","#adm | // Min: Date and time [cae_term3] was received:, Max: today \\"
"hruq_completed_dt_i","hruq","","descriptive","When data is transcribed, ""Date completed"" is the date the responses were added to the form from which data is being added (e.g. date the paper form was completed)","","""Date entered"" is when this electronic form was completed when transcribing data.","","","","","[hruq_data_entry_method]>'1'","","","","","","#inf"
"hruq_completed_dt","hruq","","text","Date participant provided response (Date completed/Date of completion):","","","date_dmy","[baseline_arm_1][rand_dt]","today","","[hruq_data_entry_method]>0","y","","","","","#cdi | // Min: Date and time [cae_term3] was received:, Max: today \\"
"hruq_entered_by","hruq","","sql","Responses entered by","","","","","","","[hruq_data_entry_method]>'1'","y","","","","","#adm"
"hruq_entered_dt","hruq","","text","Date responses entered","","","date_dmy","[baseline_arm_1][cae_consent_rec_dt]","today","","[hruq_data_entry_method]>'1'","y","","","","","#adm | // Min: Date and time [cae_term3] was received:, Max: today \\"
"hruq_term1","hruq","","calctext","Term 1","","","","","","","[hruq_data_entry_method]>0","","","","","","#sys"
"hruq_term2","hruq","","calctext","Term 2","","Secondary care - inpatient stays","","","","","[hruq_data_entry_method]>0","","","","","","#sys"
"hruq_admitted_yn","hruq","","radio","[hruq_term1], have you stayed overnight in hospital (i.e. admitted as an inpatient) in the last [hruq_term2] days?","1, Yes | 0, No","","","","","","[hruq_data_entry_method]>0","y","RH","","","","#cdi"
"hruq_admitted_ae_yn","hruq","","radio","[hruq_term1], have you attended Accident & Emergency in the last [hruq_term2] days?","1, Yes | 0, No","","","","","","[hruq_admitted_yn]='1'","y","RH","","","","#cdi"
"hruq_admitted_ae_num","hruq","","text","Number of Accident & Emergency attendances:","","","integer","1","30","","[hruq_admitted_ae_yn]='1'","y","","","","","#cdi"
"hruq_admitted_ae_nights","hruq","","text","Total number of nights in hospital following Accident & Emergency attendance (inpatient nights across all admissions):","","","integer","1","60","","[hruq_admitted_ae_yn]='1'","y","","","","","#cdi"
"hruq_admitted_icu_yn","hruq","","radio","[hruq_term1], were you been admitted to Intensive Care Unit in the last [hruq_term2] days?","1, Yes | 0, No","","","","","","[hruq_admitted_yn]='1'","y","RH","","","","#cdi"
"hruq_admitted_icu_num","hruq","","text","Number of Intensive Care Unit admissions:","","","integer","1","30","","[hruq_admitted_icu_yn]='1'","y","","","","","#cdi"
"hruq_admitted_icu_nights","hruq","","text","Total number of nights in Intensive Care Unit (across all admissions):","","","integer","1","60","","[hruq_admitted_icu_yn]='1'","y","","","","","#cdi"
"hruq_admitted_hdu_yn","hruq","","radio","[hruq_term1], were you admitted to High Dependency Unit in the last [hruq_term2] days?","1, Yes | 0, No","","","","","","[hruq_admitted_yn]='1'","y","RH","","","","#cdi"
"hruq_admitted_hdu_num","hruq","","text","Number of High Dependency Unit admissions:","","","integer","1","60","","[hruq_admitted_hdu_yn]='1'","y","","","","","#cdi"
"hruq_admitted_hdu_nights","hruq","","text","Total number of nights in High Dependency Unit (across all admissions):","","","integer","1","60","","[hruq_admitted_hdu_yn]='1'","y","","","","","#cdi"
"hruq_admitted_ghw_yn","hruq","","radio","[hruq_term1], were you admitted to General hospital (general ward) in the last [hruq_term2] days?","1, Yes | 0, No","","","","","","[hruq_admitted_yn]='1'","y","RH","","","","#cdi"
"hruq_admitted_ghw_num","hruq","","text","Number of General hospital (general ward) admissions:","","","integer","1","30","","[hruq_admitted_ghw_yn]='1'","y","","","","","#cdi"
"hruq_admitted_ghw_nights","hruq","","text","Total number of nights in General hospital (general ward) (across all admissions):","","NHS Health visits & check ups","integer","1","60","","[hruq_admitted_ghw_yn]='1'","y","","","","","#cdi"
"hruq_nhs_yn","hruq","","radio","[hruq_term1], have you had any NHS home/hospital outpatient/GP/walk in centre/ambulance visits in the last [hruq_term2] days?","1, Yes | 0, No","","","","","","[hruq_data_entry_method]>0","y","RH","","","","#cdi"
"hruq_nhs_gp_yn","hruq","","radio","[hruq_term1], have you met with a GP in the last [hruq_term2] days?","1, Yes | 0, No","","","","","","[hruq_nhs_yn]='1'","y","RH","","","","#cdi"
"hruq_nhs_gp_home_num","hruq","","text","Total number of times you have met your GP at home in the last [hruq_term2] days:","","","integer","1","60","","[hruq_nhs_gp_yn]='1'","y","","","","","#cdi"
"hruq_nhs_gp_clin_num","hruq","","text","Total number of times you have met your GP at outpatient appointment/centre/surgery in the last [hruq_term2] days:","","","integer","1","60","","[hruq_nhs_gp_yn]='1'","y","","","","","#cdi"
"hruq_nhs_dn_yn","hruq","","radio","[hruq_term1], have you met with a District nurse/NHS care worker in the last [hruq_term2] days?","1, Yes | 0, No","","","","","","[hruq_nhs_yn]='1'","y","RH","","","","#cdi"
"hruq_nhs_dn_home_num","hruq","","text","Total number of times you have met your District nurse/NHS care worker at home in the last [hruq_term2] days:","","","integer","1","60","","[hruq_nhs_dn_yn]='1'","y","","","","","#cdi"
"hruq_nhs_dn_clin_num","hruq","","text","Total number of times you have met your District nurse/NHS care worker at outpatient appointment/centre/surgery in the last [hruq_term2] days:","","","integer","1","60","","[hruq_nhs_dn_yn]='1'","y","","","","","#cdi"
"hruq_nhs_pot_yn","hruq","","radio","[hruq_term1], have you met with a NHS Physiotherapist/Occupational therapist in the last [hruq_term2] days?","1, Yes | 0, No","","","","","","[hruq_nhs_yn]='1'","y","RH","","","","#cdi"
"hruq_nhs_pot_home_num","hruq","","text","Total number of times you have met your NHS Physiotherapist/Occupational therapist at home in the last [hruq_term2] days:","","","integer","1","60","","[hruq_nhs_pot_yn]='1'","y","","","","","#cdi"
"hruq_nhs_pot_clin_num","hruq","","text","Total number of times you have met your NHS Physiotherapist/Occupational therapist at outpatient appointment/centre/surgery in the last [hruq_term2] days:","","","integer","1","60","","[hruq_nhs_pot_yn]='1'","y","","","","","#cdi"
"hruq_nhs_diet_yn","hruq","","radio","[hruq_term1], have you met with a NHS Dietician in the last [hruq_term2] days?'","1, Yes | 0, No","","","","","","[hruq_nhs_yn]='1'","y","RH","","","","#cdi"
"hruq_nhs_diet_home_num","hruq","","text","Total number of times you have met your NHS Dietician therapist at home in the last [hruq_term2] days:","","","integer","1","60","","[hruq_nhs_diet_yn]='1'","y","","","","","#cdi"
"hruq_nhs_diet_clin_num","hruq","","text","Total number of times you have met your NHS Dietician at outpatient appointment/centre/surgery in the last [hruq_term2] days:","","","integer","1","60","","[hruq_nhs_diet_yn]='1'","y","","","","","#cdi"
"hruq_nhs_111_yn","hruq","","radio","[hruq_term1], have you called the NHS helpline service (111) in the last [hruq_term2] days?'","1, Yes | 0, No","","","","","","[hruq_nhs_yn]='1'","y","RH","","","","#cdi"
"hruq_nhs_111_num","hruq","","text","Total number of times you have called the NHS helpline service (111) in the last [hruq_term2] days:","","","integer","1","60","","[hruq_nhs_111_yn]='1'","y","","","","","#cdi"
"hruq_nhs_radio_yn","hruq","","radio","[hruq_term1], have you used hospital imaging services (radiology) in the last [hruq_term2] days?","1, Yes | 0, No","","","","","","[hruq_nhs_yn]='1'","y","RH","","","","#cdi"
"hruq_nhs_radio_num","hruq","","text","Total number of times you used hospital imaging services (radiology) in the last [hruq_term2] days:","","","integer","1","60","","[hruq_nhs_radio_yn]='1'","y","","","","","#cdi"
"hruq_nhs_ae_yn","hruq","","radio","[hruq_term1], have you visited A&E without being admitted as an inpatient in the last [hruq_term2] days?'","1, Yes | 0, No","","","","","","[hruq_nhs_yn]='1'","y","RH","","","","#cdi"
"hruq_nhs_ae_num","hruq","","text","Total number of times you have visited A&E without being admitted as an inpatient in the last [hruq_term2] days:","","","integer","1","60","","[hruq_nhs_ae_yn]='1'","y","","","","","#cdi"
"hruq_nhs_outpt_yn","hruq","","radio","[hruq_term1], have you visited an outpatient hospital doctor or specialist, excluding radiology and emergency medicine doctors, in the last [hruq_term2] days?","1, Yes | 0, No","","","","","","[hruq_nhs_yn]='1'","y","RH","","","","#cdi"
"hruq_nhs_outpt_num","hruq","","text","Total number of times you visited an outpatient hospital doctor or specialist excluding radiology and emergency medicine doctors in the last [hruq_term2] days:","","","integer","1","60","","[hruq_nhs_outpt_yn]='1'","y","","","","","#cdi"
"hruq_nhs_walkin_yn","hruq","","radio","[hruq_term1], have you used a Walk-in Centre for minor injuries or illnesses in the last [hruq_term2] days?'","1, Yes | 0, No","","","","","","[hruq_nhs_yn]='1'","y","RH","","","","#cdi"
"hruq_nhs_walkin_num","hruq","","text","Total number of times you have used a Walk-in Centre for minor injuries or illnesses in the last [hruq_term2] days:","","","integer","1","60","","[hruq_nhs_walkin_yn]='1'","y","","","","","#cdi"
"hruq_nhs_ambu_yn","hruq","","radio","[hruq_term1], have you used an ambulance or received visits from an ambulance in the last [hruq_term2] days?","1, Yes | 0, No","","","","","","[hruq_nhs_yn]='1'","y","RH","","","","#cdi"
"hruq_nhs_ambu_num","hruq","","text","Total number of times you have used an ambulance or received visits from an ambulance in the last [hruq_term2] days:","","","integer","1","60","","[hruq_nhs_ambu_yn]='1'","y","","","","","#cdi"
"hruq_nhs_oth_yn","hruq","","radio","[hruq_term1], have you interacted with any other NHS staff in the last [hruq_term2] days?","1, Yes | 0, No","","","","","","[hruq_nhs_yn]='1'","y","RH","","","","#cdi"
"hruq_nhs_oth","hruq","","text","Specify the type of other NHS staff you have interacted with in the last [hruq_term2] days:","","","","","","","[hruq_nhs_oth_yn]='1'","y","","","","","#cdi"
"hruq_nhs_oth_num","hruq","","text","Total number of times you have you interacted with any other NHS staff in the last [hruq_term2] days:","","Prescribed Medications","integer","1","60","","[hruq_nhs_oth_yn]='1'","y","","","","","#cdi"
"hruq_meds_yn","hruq","","radio","[hruq_term1], have you been prescribed extra pain relief or antibiotic medications in the last [hruq_term2] days?","1, Yes | 0, No","","","","","","[hruq_data_entry_method]>0","y","RH","","","","#cdi"
"hruq_1_sbhd","hruq","","descriptive","Pain relief","","","","","","","[hruq_meds_yn]='1'","","","","","","#inf"
"hruq_meds_para_yn","hruq","","radio","Pain relief: Paracetamol?","1, Yes | 0, No","","","","","","[hruq_meds_yn]='1'","y","RH","","","","#cdi"
"hruq_meds_para_pack","hruq","","text","Paracetamol: Number of packs","","","integer","1","50","","[hruq_meds_para_yn]='1'","y","","","","","#cdi"
"hruq_meds_para_tab","hruq","","text","Paracetamol: Number of tablets per pack","","","integer","1","100","","[hruq_meds_para_yn]='1'","y","","","","","#cdi"
"hruq_meds_ibupro_yn","hruq","","radio","Pain relief: Ibuprofen ?","1, Yes | 0, No","","","","","","[hruq_meds_yn]='1'","y","RH","","","","#cdi"
"hruq_meds_ibupro_tab","hruq","","text","Ibuprofen: Number of packs","","","integer","1","50","","[hruq_meds_ibupro_yn]='1'","y","","","","","#cdi"
"hruq_meds_ibupro_pack","hruq","","text","Ibuprofen: Number of tablets per pack","","","integer","1","100","","[hruq_meds_ibupro_yn]='1'","y","","","","","#cdi"
"hruq_meds_codeine_yn","hruq","","radio","Pain relief: Codeine (Codeine Phosphate)?","1, Yes | 0, No","","","","","","[hruq_meds_yn]='1'","y","RH","","","","#cdi"
"hruq_meds_codeine_pack","hruq","","text","Codeine (Codeine Phosphate): Number of packs","","","integer","1","50","","[hruq_meds_codeine_yn]='1'","y","","","","","#cdi"
"hruq_meds_codeine_tab","hruq","","text","Codeine (Codeine Phosphate): Number of tablets per pack","","","integer","1","100","","[hruq_meds_codeine_yn]='1'","y","","","","","#cdi"
"hruq_meds_tram_yn","hruq","","radio","Pain relief: Tramadol?","1, Yes | 0, No","","","","","","[hruq_meds_yn]='1'","y","RH","","","","#cdi"
"hruq_meds_tram_pack","hruq","","text","Tramadol: Number of packs","","","integer","1","50","","[hruq_meds_tram_yn]='1'","y","","","","","#cdi"
"hruq_meds_tram_tab","hruq","","text","Tramadol: Number of tablets per pack","","","integer","1","100","","[hruq_meds_tram_yn]='1'","y","","","","","#cdi"
"hruq_meds_pain_oth_yn","hruq","","radio","Pain relief: Other?","1, Yes | 0, No","","","","","","[hruq_meds_yn]='1'","y","RH","","","","#cdi"
"hruq_meds_pain_oth_num","hruq","","text","Please specify number of other pain relief medication used:","","","integer","1","5","","[hruq_meds_pain_oth_yn]='1'","y","","","","","#cdi"
"hruq_meds_pain_oth_1","hruq","","text","[1]: Please specify other pain relief medication used:","","","","","","","[hruq_meds_pain_oth_num]>=1","y","","","","","#cdi"
"hruq_meds_pain_oth_pack_1","hruq","","text","[1]: Other pain relief medication: Number of packs","","","integer","1","50","","[hruq_meds_pain_oth_num]>=1","y","","","","","#cdi"
"hruq_meds_pain_oth_tab_1","hruq","","text","[1]: Other pain relief medication: Number of tablets per pack","","","integer","1","200","","[hruq_meds_pain_oth_num]>=1","y","","","","","#cdi"
"hruq_meds_pain_oth_2","hruq","","text","[2]: Please specify other pain relief medication used:","","","","","","","[hruq_meds_pain_oth_num]>=2","y","","","","","#cdi"
"hruq_meds_pain_oth_pack_2","hruq","","text","[2]: Other pain relief medication: Number of packs","","","integer","1","50","","[hruq_meds_pain_oth_num]>=2","y","","","","","#cdi"
"hruq_meds_pain_oth_tab_2","hruq","","text","[2]: Other pain relief medication: Number of tablets per pack","","","integer","1","200","","[hruq_meds_pain_oth_num]>=2","y","","","","","#cdi"
"hruq_meds_pain_oth_3","hruq","","text","[3]: Please specify other pain relief medication used:","","","","","","","[hruq_meds_pain_oth_num]>=3","y","","","","","#cdi"
"hruq_meds_pain_oth_pack_3","hruq","","text","[3]: Other pain relief medication: Number of packs","","","integer","1","50","","[hruq_meds_pain_oth_num]>=3","y","","","","","#cdi"
"hruq_meds_pain_oth_tab_3","hruq","","text","[3]: Other pain relief medication: Number of tablets per pack","","","integer","1","200","","[hruq_meds_pain_oth_num]>=3","y","","","","","#cdi"
"hruq_meds_pain_oth_4","hruq","","text","[4]: Please specify other pain relief medication used:","","","","","","","[hruq_meds_pain_oth_num]>=4","y","","","","","#cdi"
"hruq_meds_pain_oth_pack_4","hruq","","text","[4]: Other pain relief medication: Number of packs","","","integer","1","50","","[hruq_meds_pain_oth_num]>=4","y","","","","","#cdi"
"hruq_meds_pain_oth_tab_4","hruq","","text","[4]: Other pain relief medication: Number of tablets per pack","","","integer","1","200","","[hruq_meds_pain_oth_num]>=4","y","","","","","#cdi"
"hruq_meds_pain_oth_5","hruq","","text","[5]: Please specify other pain relief medication used:","","","","","","","[hruq_meds_pain_oth_num]>=5","y","","","","","#cdi"
"hruq_meds_pain_oth_pack_5","hruq","","text","[5]: Other pain relief medication: Number of packs","","","integer","1","50","","[hruq_meds_pain_oth_num]>=5","y","","","","","#cdi"
"hruq_meds_pain_oth_tab_5","hruq","","text","[5]: Other pain relief medication: Number of tablets per pack","","","integer","1","200","","[hruq_meds_pain_oth_num]>=5","y","","","","","#cdi"
"hruq_meds_pain_oth_6plus","hruq","","textarea","Continue to detail Other pain relief: Please specify other pain relief medication used, Number of packs & Number of tablets per pack","","","","","","","[hruq_meds_pain_oth_num]>=6","y","LH","","","","#cdi #UNBLINDING#"
"hruq_2_sbhd","hruq","","descriptive","Antibiotics","","","","","","","[hruq_meds_yn]='1'","","","","","","#inf"
"hruq_meds_fluclo_yn","hruq","","radio","Antibiotics: Flucloxacillin?","1, Yes | 0, No","","","","","","[hruq_meds_yn]='1'","y","RH","","","","#cdi"
"hruq_meds_fluclo_pack","hruq","","text","Flucloxacillin: Number of packs","","","integer","1","50","","[hruq_meds_fluclo_yn]='1'","y","","","","","#cdi"
"hruq_meds_fluclo_tab","hruq","","text","Flucloxacillin: Number of tablets per pack","","","integer","1","100","","[hruq_meds_fluclo_yn]='1'","y","","","","","#cdi"
"hruq_meds_aug_yn","hruq","","radio","Antibiotics: Augmentin (Co-amoxiclav)?","1, Yes | 0, No","","","","","","[hruq_meds_yn]='1'","y","RH","","","","#cdi"
"hruq_meds_aug_pack","hruq","","text","Augmentin (Co-amoxiclav): Number of packs","","","integer","1","50","","[hruq_meds_aug_yn]='1'","y","","","","","#cdi"
"hruq_meds_aug_tab","hruq","","text","Augmentin (Co-amoxiclav): Number of tablets per pack","","","integer","1","100","","[hruq_meds_aug_yn]='1'","y","","","","","#cdi"
"hruq_meds_cipro_yn","hruq","","radio","Antibiotics: Ciprofloxacin?","1, Yes | 0, No","","","","","","[hruq_meds_yn]='1'","y","RH","","","","#cdi"
"hruq_meds_cipro_pack","hruq","","text","Ciprofloxacin: Number of packs","","","integer","1","50","","[hruq_meds_cipro_yn]='1'","y","","","","","#cdi"
"hruq_meds_cipro_tab","hruq","","text","Ciprofloxacin: Number of tablets per pack","","","integer","1","100","","[hruq_meds_cipro_yn]='1'","y","","","","","#cdi"
"hruq_meds_ab_oth_yn","hruq","","radio","Antibiotics: Other?","1, Yes | 0, No","","","","","","[hruq_meds_yn]='1'","y","RH","","","","#cdi"
"hruq_meds_ab_oth_num","hruq","","text","Please specify number of other antibiotic medication used:","","","integer","1","5","","[hruq_meds_ab_oth_yn]='1'","y","","","","","#cdi"
"hruq_meds_ab_oth_1","hruq","","text","[1]: Please specify other antibiotics used:","","","","","","","[hruq_meds_ab_oth_num]>=1","y","","","","","#cdi"
"hruq_meds_ab_oth_pack_1","hruq","","text","[1]: Other antibiotic: Number of packs","","","integer","1","50","","[hruq_meds_ab_oth_num]>=1","y","","","","","#cdi"
"hruq_meds_ab_oth_tab_1","hruq","","text","[1]: Other antibiotic: Number of tablets per pack","","","integer","1","200","","[hruq_meds_ab_oth_num]>=1","y","","","","","#cdi"
"hruq_meds_ab_oth_2","hruq","","text","[2]: Please specify other antibiotics used:","","","","","","","[hruq_meds_ab_oth_num]>=2","y","","","","","#cdi"
"hruq_meds_ab_oth_pack_2","hruq","","text","[2]: Other antibiotic: Number of packs","","","integer","1","50","","[hruq_meds_ab_oth_num]>=2","y","","","","","#cdi"
"hruq_meds_ab_oth_tab_2","hruq","","text","[2]: Other antibiotic: Number of tablets per pack","","","integer","1","200","","[hruq_meds_ab_oth_num]>=2","y","","","","","#cdi"
"hruq_meds_ab_oth_3","hruq","","text","[3]: Please specify other antibiotics used:","","","","","","","[hruq_meds_ab_oth_num]>=3","y","","","","","#cdi"
"hruq_meds_ab_oth_pack_3","hruq","","text","[3]:","","","integer","1","50","","[hruq_meds_ab_oth_num]>=3","y","","","","","#cdi"
"hruq_meds_ab_oth_tab_3","hruq","","text","[3]: Other antibiotic: Number of tablets per pack","","","integer","1","200","","[hruq_meds_ab_oth_num]>=3","y","","","","","#cdi"
"hruq_meds_ab_oth_4","hruq","","text","[4]: Please specify other antibiotics used:","","","","","","","[hruq_meds_ab_oth_num]>=4","y","","","","","#cdi"
"hruq_meds_ab_oth_pack_4","hruq","","text","[4]: Other antibiotic: Number of packs","","","integer","1","50","","[hruq_meds_ab_oth_num]>=4","y","","","","","#cdi"
"hruq_meds_ab_oth_tab_4","hruq","","text","[4]: Other antibiotic: Number of tablets per pack","","","integer","1","200","","[hruq_meds_ab_oth_num]>=4","y","","","","","#cdi"
"hruq_meds_ab_oth_5","hruq","","text","[5]: Please specify other antibiotics used:","","","","","","","[hruq_meds_ab_oth_num]>=5","y","","","","","#cdi"
"hruq_meds_ab_oth_pack_5","hruq","","text","[5]: Other antibiotic: Number of packs","","","integer","1","50","","[hruq_meds_ab_oth_num]>=5","y","","","","","#cdi"
"hruq_meds_ab_oth_tab_5","hruq","","text","[5]: Other antibiotic: Number of tablets per pack","","","integer","1","200","","[hruq_meds_ab_oth_num]>=5","y","","","","","#cdi"
"hruq_meds_ab_oth_6plus","hruq","","textarea","Continue to detail Other antibiotics: Please specify other anitbiotics used, Number of packs & Number of tablets per pack","","Fortified Beverages","","","","","[hruq_meds_ab_oth_num]>=6","y","LH","","","","#cdi #UNBLINDING#"
"hruq_ons_yn","hruq","","radio","[hruq_term1], have you been prescribed fortified beverages (e.g., nutrient solutions like Fortisips) in the last [hruq_term2] days?","1, Yes | 0, No","","","","","","[hruq_data_entry_method]>0","y","RH","","","","#cdi"
"hruq_ons_num","hruq","","text","Number of prescribed fortified beverages (e.g. fortisips) over the last [hruq_term2] days:","","Informal Care","integer","1","100","","[hruq_ons_yn]='1'","y","","","","","#cdi"
"hruq_care_yn","hruq","","radio","[hruq_term1], has anyone needed to take time off work to help you with daily activities in the last [hruq_term2] days?","1, Yes | 0, No","","","","","","[hruq_data_entry_method]>0","y","RH","","","","#cdi"
"hruq_care_i","hruq","","descriptive","Please record the time others have spent off-work helping you with daily activities [hruq_term1], over the last [hruq_term2] days?","","You can use more than one of the below time units (e.g. days and weeks) to express this, but do not duplicate the exact same information across the time units (e.g. do not report the total time off as days, and then as weeks)","","","","","[hruq_care_yn]='1'","","","","","","#cdi"
"hruq_care_days","hruq","","text","Days:","","","integer","1","60","","[hruq_care_yn]='1'","","","","","","#cdi"
"hruq_care_weeks","hruq","","text","Weeks:","","","integer","1","9","","[hruq_care_yn]='1'","","","","","","#cdi"
"hruq_care_months","hruq","","text","Months:","","","integer","1","2","","[hruq_care_yn]='1'","","","","","","#cdi"
"hruq_1_i","hruq","","descriptive","You must answer at least one but do not have to answer all.","","Employment - Income","","","","","[hruq_care_yn]='1' AND [hruq_care_days]='' AND [hruq_care_weeks]='' AND [hruq_care_months]=''","","","","","","#inf"
"hruq_work_yn","hruq","","radio","Are you in paid work?","1, Yes | 0, No","","","","","","[hruq_data_entry_method]>0","y","RH","","","","#cdi"
"hruq_work_income","hruq","","dropdown","What is your annual income from paid work?","1, Less than £16,000 a year | 2, £16,000 - £29,999 a year | 3, £30,000 - £59,999 a year | 4, £60,000 to £89,999 a year | 5, £90,000 to £119,999 a year | 6, More than £120,000 a year | 0, Prefer not to say","","","","","","[hruq_work_yn]='1'","y","","","","","#cdi"
"hruq_work_status","hruq","","dropdown","What is your employment status?","1, Full-time (≥ 37 hours) | 2, Part-time (≥ 18 hours) | 3, Casual (< 18 hours)","","","","","","[hruq_work_income]='0'","y","","","","","#cdi"
"hruq_work_occupation","hruq","","dropdown","Which of the following best describes your occupation?","1, Manager/Professional (e.g. health, teaching, legal)/ Associate professional (e.g. technical, nursing) | 2, Administrator/clerical worker/secretary | 3, Services/sales | 4, Skilled labourer/craftsman | 99, Other","","","","","","[hruq_work_income]='0'","y","","","","","#cdi"
"hruq_work_occupation_oth","hruq","","text","Please specify your occupation:","","Employment - days off work","","","","","[hruq_work_occupation]='99'","y","","","","","#cdi"
"hruq_time_off_yn","hruq","","radio","[hruq_term1], have you needed to take time off work in the last [hruq_term2] days?","1, Yes | 0, No","","","","","","[hruq_work_yn]='1'","y","RH","","","","#cdi"
"hruq_time_off_i","hruq","","descriptive","Please record the time you have spent off work [hruq_term1], over the last [hruq_term2] days.","","You can use more than one of the below time units (e.g. days and weeks) to express this but do not duplicate the same information across the time units (e.g. do not report the total time off in terms of days and then as weeks)","","","","","[hruq_time_off_yn]='1'","","","","","","#cdi"
"hruq_time_off_days","hruq","","text","Days:","","","integer","1","60","","[hruq_time_off_yn]='1'","","","","","","#cdi"
"hruq_time_off_weeks","hruq","","text","Weeks:","","","integer","1","9","","[hruq_time_off_yn]='1'","","","","","","#cdi"
"hruq_time_off_months","hruq","","text","Months:","","","integer","1","2","","[hruq_time_off_yn]='1'","","","","","","#cdi"
"hruq_2_i","hruq","","descriptive","You must answer at least one but do not have to answer all.","","Out-of-pocket expenses - Services","","","","","[hruq_time_off_yn]='1' AND [hruq_time_off_days]='' AND [hruq_time_off_weeks]='' AND [hruq_time_off_months]=''","","","","","","#inf"
"hruq_expense_yn","hruq","","radio","[hruq_term1], have you used any additional paid services in the last [hruq_term2] days?","1, Yes | 0, No","","","","","","[hruq_data_entry_method]>0","y","RH","","","","#cdi"
"hruq_expense_clean_yn","hruq","","radio","Domestic cleaning help?","1, Yes | 0, No","","","","","","[hruq_expense_yn]='1'","y","RH","","","","#cdi"
"hruq_expense_clean_num","hruq","","text","Number of sessions / deliveries required:","","","integer","1","99","","[hruq_expense_clean_yn]='1'","y","","","","","#cdi"
"hruq_expense_clean_cost","hruq","","text","Cost (£) per session / delivery:","","","number","1","99","","[hruq_expense_clean_yn]='1'","y","","","","","#cdi"
"hruq_expense_garden_yn","hruq","","radio","Gardener?","1, Yes | 0, No","","","","","","[hruq_expense_yn]='1'","y","RH","","","","#cdi"
"hruq_expense_garden_num","hruq","","text","Number of sessions / deliveries required:","","","integer","1","99","","[hruq_expense_garden_yn]='1'","y","","","","","#cdi"
"hruq_expense_garden_cost","hruq","","text","Cost (£) per session / delivery:","","","number","1","99","","[hruq_expense_garden_yn]='1'","y","","","","","#cdi"
"hruq_expense_diet_yn","hruq","","radio","Dietician?","1, Yes | 0, No","","","","","","[hruq_expense_yn]='1'","y","RH","","","","#cdi"
"hruq_expense_diet_num","hruq","","text","Number of sessions / deliveries required:","","","integer","1","99","","[hruq_expense_diet_yn]='1'","y","","","","","#cdi"
"hruq_expense_diet_cost","hruq","","text","Cost (£) per session / delivery:","","","number","1","99","","[hruq_expense_diet_yn]='1'","y","","","","","#cdi"
"hruq_expense_physio_yn","hruq","","radio","Private Physio?","1, Yes | 0, No","","","","","","[hruq_expense_yn]='1'","y","RH","","","","#cdi"
"hruq_expense_physio_num","hruq","","text","Number of sessions / deliveries required:","","","integer","1","99","","[hruq_expense_physio_yn]='1'","y","","","","","#cdi"
"hruq_expense_physio_cost","hruq","","text","Cost (£) per session / delivery:","","","number","1","99","","[hruq_expense_physio_yn]='1'","y","","","","","#cdi"
"hruq_expense_oth_yn","hruq","","radio","Additional paid services: other?","1, Yes | 0, No","","","","","","[hruq_expense_yn]='1'","y","RH","","","","#cdi"
"hruq_expense_oth_num","hruq","","text","Please specify number of other additional paid services used:","","","integer","1","5","","[hruq_expense_oth_yn]='1'","y","","","","","#cdi"
"hruq_expense_oth_1","hruq","","text","[1]: Please specify other additional paid services:","","","","","","","[hruq_expense_oth_num]>=1","y","","","","","#cdi"
"hruq_expense_oth_1um_1","hruq","","text","[1]: Number of sessions / deliveries required:","","","integer","1","99","","[hruq_expense_oth_num]>=1","y","","","","","#cdi"
"hruq_expense_oth_cost_1","hruq","","text","[1]: Cost (£) per session / delivery:","","","number","1","99","","[hruq_expense_oth_num]>=1","y","","","","","#cdi"
"hruq_expense_oth_2","hruq","","text","[2]: Please specify other additional paid services:","","","","","","","[hruq_expense_oth_num]>=2","y","","","","","#cdi"
"hruq_expense_oth_2um_2","hruq","","text","[2]: Number of sessions / deliveries required:","","","integer","1","99","","[hruq_expense_oth_num]>=2","y","","","","","#cdi"
"hruq_expense_oth_cost_2","hruq","","text","[2]: Cost (£) per session / delivery:","","","number","1","99","","[hruq_expense_oth_num]>=2","y","","","","","#cdi"
"hruq_expense_oth_3","hruq","","text","[3]: Please specify other additional paid services:","","","","","","","[hruq_expense_oth_num]>=3","y","","","","","#cdi"
"hruq_expense_oth_3um_3","hruq","","text","[3]: Number of sessions / deliveries required:","","","integer","1","99","","[hruq_expense_oth_num]>=3","y","","","","","#cdi"
"hruq_expense_oth_cost_3","hruq","","text","[3]: Cost (£) per session / delivery:","","","number","1","99","","[hruq_expense_oth_num]>=3","y","","","","","#cdi"
"hruq_expense_oth_4","hruq","","text","[4]: Please specify other additional paid services:","","","","","","","[hruq_expense_oth_num]>=4","y","","","","","#cdi"
"hruq_expense_oth_4um_4","hruq","","text","[4]: Number of sessions / deliveries required:","","","integer","1","99","","[hruq_expense_oth_num]>=4","y","","","","","#cdi"
"hruq_expense_oth_cost_4","hruq","","text","[4]: Cost (£) per session / delivery:","","","number","1","99","","[hruq_expense_oth_num]>=4","y","","","","","#cdi"
"hruq_expense_oth_5","hruq","","text","[5]: Please specify other additional paid services:","","","","","","","[hruq_expense_oth_num]>=5","y","","","","","#cdi"
"hruq_expense_oth_5um_5","hruq","","text","[5]: Number of sessions / deliveries required:","","","integer","1","99","","[hruq_expense_oth_num]>=5","y","","","","","#cdi"
"hruq_expense_oth_cost_5","hruq","","text","[5]: Cost (£) per session / delivery:","","","number","1","99","","[hruq_expense_oth_num]>=5","y","","","","","#cdi"
"hruq_expense_oth_6plus","hruq","","textarea","Continue to detail Other additional paid services: Please specify other additional paid services,Number of sessions / deliveries required & Cost (£) per session / delivery","","Out-of-pocket expenses - Over the counter medications","","","","","[hruq_expense_oth_num]>=6","y","LH","","","","#cdi #UNBLINDING#"
"hruq_expense_med_yn","hruq","","radio","[hruq_term1], have you bought any additional medicine(s) in the last [hruq_term2] days?","1, Yes | 0, No","","","","","","[hruq_data_entry_method]>0","y","RH","","","","#cdi"
"hruq_expense_med_num","hruq","","text","Specify the number of additional medication(s) purchased:","","","integer","1","5","","[hruq_expense_med_yn]='1'","y","","","","","#cdi"
"hruq_expense_med_1","hruq","","text","[1]: Item:","","","","","","","[hruq_expense_med_num]>=1","y","","","","","#cdi"
"hruq_expense_med_cost_1","hruq","","text","[1]: Item cost (£):","","","number","1","99","","[hruq_expense_med_num]>=1","y","","","","","#cdi"
"hruq_expense_med_2","hruq","","text","[2]: Item:","","","","","","","[hruq_expense_med_num]>=2","y","","","","","#cdi"
"hruq_expense_med_cost_2","hruq","","text","[2]: Item cost (£):","","","number","1","99","","[hruq_expense_med_num]>=2","y","","","","","#cdi"
"hruq_expense_med_3","hruq","","text","[3]: Item:","","","","","","","[hruq_expense_med_num]>=3","y","","","","","#cdi"
"hruq_expense_med_cost_3","hruq","","text","[3]: Item cost (£):","","","number","1","99","","[hruq_expense_med_num]>=3","y","","","","","#cdi"
"hruq_expense_med_4","hruq","","text","[4]: Item:","","","","","","","[hruq_expense_med_num]>=4","y","","","","","#cdi"
"hruq_expense_med_cost_4","hruq","","text","[4]: Item cost (£):","","","number","1","99","","[hruq_expense_med_num]>=4","y","","","","","#cdi"
"hruq_expense_med_5","hruq","","text","[5]: Item:","","","","","","","[hruq_expense_med_num]>=5","y","","","","","#cdi"
"hruq_expense_med_cost_5","hruq","","text","[5]: Item cost (£):","","","number","1","99","","[hruq_expense_med_num]>=6","y","","","","","#cdi"
"hruq_expense_med_6plus","hruq","","textarea","Continue to detail additional medication(s) purchased: Item, Item cost (£)","","Out-of-pocket expenses - Travel","","","","","[hruq_expense_med_num]>=5","y","LH","","","","#cdi #UNBLINDING#"
"hruq_expense_car_yn","hruq","","radio","[hruq_term1], have you driven your own car or been driven by friends or family to a healthcare setting in the last [hruq_term2] days?","1, Yes | 0, No","","","","","","[hruq_data_entry_method]>0","y","RH","","","","#cdi"
"hruq_expense_car_num","hruq","","text","Specify the number of car journeys made:","","","integer","1","5","","[hruq_expense_car_yn]='1'","y","","","","","#cdi"
"hruq_expense_car_dest_1","hruq","","text","[1]: Destination of car journey:","","","","","","","[hruq_expense_car_num]>=1","y","","","","","#cdi"
"hruq_expense_car_trips_1","hruq","","text","[1]: Number of round trips:","","","integer","1","99","","[hruq_expense_car_num]>=1","y","","","","","#cdi"
"hruq_expense_car_miles_1","hruq","","text","[1]: Number of miles for each round trip:","","","integer","1","200","","[hruq_expense_car_num]>=1","y","","","","","#cdi"
"hruq_expense_car_park_1","hruq","","text","[1]: Cost of parking fees for each trip (£):","","","number","0","99","","[hruq_expense_car_num]>=1","y","","","","","#cdi"
"hruq_expense_car_dest_2","hruq","","text","[2]: Destination of car journey:","","","","","","","[hruq_expense_car_num]>=2","y","","","","","#cdi"
"hruq_expense_car_trips_2","hruq","","text","[2]: Number of round trips:","","","integer","1","99","","[hruq_expense_car_num]>=2","y","","","","","#cdi"
"hruq_expense_car_miles_2","hruq","","text","[2]: Number of miles for each round trip:","","","integer","1","200","","[hruq_expense_car_num]>=2","y","","","","","#cdi"
"hruq_expense_car_park_2","hruq","","text","[2]: Cost of parking fees for each trip (£):","","","number","0","99","","[hruq_expense_car_num]>=2","y","","","","","#cdi"
"hruq_expense_car_dest_3","hruq","","text","[3]: Destination of car journey:","","","","","","","[hruq_expense_car_num]>=3","y","","","","","#cdi"
"hruq_expense_car_trips_3","hruq","","text","[3]: Number of round trips:","","","integer","1","99","","[hruq_expense_car_num]>=3","y","","","","","#cdi"
"hruq_expense_car_miles_3","hruq","","text","[3]: Number of miles for each round trip:","","","integer","1","200","","[hruq_expense_car_num]>=3","y","","","","","#cdi"
"hruq_expense_car_park_3","hruq","","text","[3]: Cost of parking fees for each trip (£):","","","number","0","99","","[hruq_expense_car_num]>=3","y","","","","","#cdi"
"hruq_expense_car_dest_4","hruq","","text","[4]: Destination of car journey:","","","","","","","[hruq_expense_car_num]>=4","y","","","","","#cdi"
"hruq_expense_car_trips_4","hruq","","text","[4]: Number of round trips:","","","integer","1","99","","[hruq_expense_car_num]>=4","y","","","","","#cdi"
"hruq_expense_car_miles_4","hruq","","text","[4]: Number of miles for each round trip:","","","integer","1","200","","[hruq_expense_car_num]>=4","y","","","","","#cdi"
"hruq_expense_car_park_4","hruq","","text","[4]: Cost of parking fees for each trip (£):","","","number","0","99","","[hruq_expense_car_num]>=4","y","","","","","#cdi"
"hruq_expense_car_dest_5","hruq","","text","[5]: Destination of car journey:","","","","","","","[hruq_expense_car_num]>=5","y","","","","","#cdi"
"hruq_expense_car_trips_5","hruq","","text","[5]: Number of round trips:","","","integer","1","99","","[hruq_expense_car_num]>=5","y","","","","","#cdi"
"hruq_expense_car_miles_5","hruq","","text","[5]: Number of miles for each round trip:","","","integer","1","200","","[hruq_expense_car_num]>=5","y","","","","","#cdi"
"hruq_expense_car_park_5","hruq","","text","[5]: Cost of parking fees for each trip (£):","","","number","0","99","","[hruq_expense_car_num]>=5","y","","","","","#cdi"
"hruq_expense_car_6plus","hruq","","textarea","Continue to detail car journeys: Destination of car journey, Number of round trips, Number of miles for each round trip & Cost of parking fees for each trip (£)","","","","","","","[hruq_expense_car_num]>=6","y","LH","","","","#cdi #UNBLINDING#"
"hruq_expense_pubt_yn","hruq","","radio","[hruq_term1], have you taken public transport (e.g. bus, taxis, tram or train etc.) to a health care setting in the last [hruq_term2] days?","1, Yes | 0, No","","","","","","[hruq_data_entry_method]>0","y","RH","","","","#cdi"
"hruq_expense_pubt_num","hruq","","text","Specify the number of journeys made using public transport:","","","integer","1","99","","[hruq_expense_pubt_yn]='1'","y","","","","","#cdi"
"hruq_expense_pubt_dest_1","hruq","","text","[1]: Destination of public transport journey:","","","","","","","[hruq_expense_pubt_num]>=1","y","","","","","#cdi"
"hruq_expense_pubt_trips_1","hruq","","text","[1]: Number of round trips:","","","integer","1","99","","[hruq_expense_pubt_num]>=1","y","","","","","#cdi"
"hruq_expense_pubt_cost_1","hruq","","text","[1]: Cost of each return trip using public transport (£):","","","number","1","99","","[hruq_expense_pubt_num]>=1","y","","","","","#cdi"
"hruq_expense_pubt_dest_2","hruq","","text","[2]: Destination of public transport journey:","","","","","","","[hruq_expense_pubt_num]>=2","y","","","","","#cdi"
"hruq_expense_pubt_trips_2","hruq","","text","[2]: Number of round trips:","","","integer","1","99","","[hruq_expense_pubt_num]>=2","y","","","","","#cdi"
"hruq_expense_pubt_cost_2","hruq","","text","[2]: Cost of each return trip using public transport (£):","","","number","1","99","","[hruq_expense_pubt_num]>=2","y","","","","","#cdi"
"hruq_expense_pubt_dest_3","hruq","","text","[3]: Destination of public transport journey:","","","","","","","[hruq_expense_pubt_num]>=3","y","","","","","#cdi"
"hruq_expense_pubt_trips_3","hruq","","text","[3]: Number of round trips:","","","integer","1","99","","[hruq_expense_pubt_num]>=3","y","","","","","#cdi"
"hruq_expense_pubt_cost_3","hruq","","text","[3]: Cost of each return trip using public transport (£):","","","number","1","99","","[hruq_expense_pubt_num]>=3","y","","","","","#cdi"
"hruq_expense_pubt_dest_4","hruq","","text","[4]: Destination of public transport journey:","","","","","","","[hruq_expense_pubt_num]>=4","y","","","","","#cdi"
"hruq_expense_pubt_trips_4","hruq","","text","[4]: Number of round trips:","","","integer","1","99","","[hruq_expense_pubt_num]>=4","y","","","","","#cdi"
"hruq_expense_pubt_cost_4","hruq","","text","[4]: Cost of each return trip using public transport (£):","","","number","1","99","","[hruq_expense_pubt_num]>=4","y","","","","","#cdi"
"hruq_expense_pubt_dest_5","hruq","","text","[5]: Destination of public transport journey:","","","","","","","[hruq_expense_pubt_num]>=5","y","","","","","#cdi"
"hruq_expense_pubt_trips_5","hruq","","text","[5]: Number of round trips:","","","integer","1","99","","[hruq_expense_pubt_num]>=5","y","","","","","#cdi"
"hruq_expense_pubt_cost_5","hruq","","text","[5]: Cost of each return trip using public transport (£):","","","number","1","99","","[hruq_expense_pubt_num]>=5","y","","","","","#cdi"
"hruq_expense_pubt_6plus","hruq","","textarea","Continue to detail journeys made using public transport: Destination of public transport journey, Number of round trips & Cost of each return trip using public transport (£)","","","","","","","[hruq_expense_pubt_num]>=6","y","LH","","","","#cdi #UNBLINDING#"
"hruq_complete_i_2","hruq","","descriptive","Ensure that Form Status is set to Complete - any other status will indicate the form is NOT present in terms of Return Rates and Forms Management.","","","","","","","[hruq_data_entry_method]!='' and [hruq_data_entry_method]>'1' and [hruq_complete]!='2'","","","","","","#inf"
"hruq_stdfooter","hruq","","descriptive","Created by [hruq_created_by] on [hruq_created_dt] at [hruq_created_tm]","","Form Status","","","","","[is-survey]=0","","","","","","#adm"
"hruq_complete","hruq","","dropdown","Complete?","0, Incomplete | 1, Unverified | 2, Complete","","","","","","","","","","","",""
"dev_version","deviation","","dropdown","FORMAP Form Version","0, Dev | 1, 1.0","","","","","","[dev_version]!=''","","","","","","#sys"
"dev_stdhr","deviation","","descriptive","Participant Trial Number [first-event-name][record_id] Participating site [record-dag-label]","","","","","","","","","","","","","#inf"
"dev_form_title","deviation","","descriptive","Deviation Form v[dev_version]","","","","","","","","","","","","","#inf"
"dev_ref","deviation","","calctext","Deviation number:","","Event information","","","","","[dev_version]!=''","y","","","","","#cdi"
"dev_dt","deviation","","text","Date of deviation","","","date_dmy","[baseline_arm_1][rand_dt]","today","","[dev_version]!=''","y","","","","","#cdi | // Min: Randomisation date, Max: today \\"
"dev_aware","deviation","","text","Date team became aware of the deviation","","Details of deviation","date_dmy","[dev_dt]","today","","[dev_version]!=''","y","","","","","#cdi | // Min: Date of deviation, Max: today \\"
"dev_summary","deviation","","textarea","Please provide a summary of the deviation","","","","","","","[dev_version]!=''","y","","","","","#cdi #UNBLINDING#"
"dev_capa","deviation","","textarea","Please explain any actions you have taken to correct this deviation and prevent similar deviations in the future.","","","","","","","[dev_version]!=''","y","","","","","#cdi #UNBLINDING#"
"dev_1_i","deviation","","descriptive","Must be completed by someone who has signed the Site Signature & Delegation Log","","","","","","","","","","","","","#inf"
"dev_completed_by","deviation","","sql","Form completed by:","","","","","","","[dev_version]!=''","y","","","","","#cdi"
"dev_completed_dt","deviation","","text","Date:","","Central assessment of deviation - BCTU use","date_dmy","[dev_dt]","today","","[dev_version]!=''","y","","","","","#cdi | // Min: Date of deviation, Max: today \\"
"dev_type","deviation","","dropdown","Does the Deviation Relate to:","1, Non-compliance with the trial protocol | 2, Non-compliance with the applicable regulations/GCP | 3, Approval Issues | 4, Non-compliance with the BCTU QMS | 5, Data Management | 6, Patient Safety | 7, Scientific Value/data credibility","","","","","","[dev_version]!=''","y","","","","","#cdi #UNBLINDING#"
"dev_type_nc","deviation","","dropdown","Non-compliance with the trial protocol:","1, Consent | 2, Randomisation | 3, Intervention | 4, Assessments | 5, SAE Reported late | 99, Other","","","","","","[dev_type]='1'","y","","","","","#cdi #UNBLINDING#"
"dev_type_nc_assessments","deviation","","dropdown","Assessments","1, Post operative complications not collected | 2, 30 Day follow up not completed with the required window | 3, 90 Day follow up not completed with the required window | 99, Other","","","","","","[dev_type_nc]='4'","y","","","","","#cdi"
"dev_type_dm","deviation","","dropdown","Data Management","1, CRF Contained no useful data | 2, Person assigned inappropriate duty | 3, Person has not completed study-specific training | 4, No evidence of GCP training for staff involved in the trial | 99, Other","","","","","","[dev_type]='5'","y","","","","","#cdi"
"dev_type_oth","deviation","","textarea","Please specify other type of deviation","","","","","","","[dev_type_nc]='99' OR [dev_type_nc_assessments]='99' OR [dev_type_dm]='99'","y","","","","","#cdi #UNBLINDING#"
"dev_safety","deviation","","radio","Is the deviation likely to affect to a significant degree the safety, physical or mental integrity of subjects in the trial?","1, Yes | 0, No","","","","","","[dev_version]!=''","y","RH","","","","#cdi"
"dev_value","deviation","","radio","Is the deviation likely to affect to a significant degree the scientific value of the trial?","1, Yes | 0, No","","","","","","[dev_version]!=''","y","RH","","","","#cdi"
"dev_2_i","deviation","","descriptive","Complete a Serious Breach Assessment Form","","","","","","","[dev_safety]='1' OR [dev_value]='1'","","","","","","#inf"
"dev_sba_ref","deviation","","text","Serious Breach Assessment Reference Number:","","","","","","","[dev_safety]='1' OR [dev_value]='1'","y","","","","","#cdi"
"dev_capa_bctu","deviation","","textarea","Explain the actions at BCTU to correct this deviation and prevent similar deviations in the future.","","Review of deviation","","","","","[dev_version]!=''","y","","","","","#cdi #UNBLINDING#"
"dev_reviewed_by","deviation","","sql","Name of person deviation reviewed by:","","","","","","","[dev_version]!=''","y","","","","","#cdi"
"dev_reviewed_dt","deviation","","text","Date reviewed:","","Confirmation","date_dmy","[dev_dt]","today","","[dev_version]!=''","y","","","","","#cdi | // Min: Date of deviation, Max: today \\"
"dev_confirmed_by","deviation","","sql","Name of person confirmed by:","","","","","","","[dev_version]!=''","y","","","","","#cdi"
"dev_confirmed_dt","deviation","","text","Date confirmed:","","","date_dmy","[dev_dt]","today","","[dev_version]!=''","y","","","","","#cdi | // Min: Date of deviation, Max: today \\"
"dev_stdfooter","deviation","","descriptive","Created by [dev_created_by] on [dev_created_dt] at [dev_created_tm]","","","","","","","","","","","","","#adm"
"dev_created_by","deviation","","text","Form created by","","","","","","","[dev_version]!=''","","","","","","#sys"
"dev_created_dt","deviation","","text","Form created date","","","date_dmy","","","","[dev_version]!=''","","","","","","#sys"
"dev_created_tm","deviation","","text","Form created time","","Form Status","time","","","","[dev_version]!=''","","","","","","#sys"
"deviation_complete","deviation","","dropdown","Complete?","0, Incomplete | 1, Unverified | 2, Complete","","","","","","","","","","","",""
"sae_version","sae","","dropdown","FORMAP Form Version","0, Dev | 1, 1.0","","","","","","[sae_version]!=''","","","","","","#sys"
"sae_stdhr","sae","","descriptive","Participant Trial Number [first-event-name][record_id] Participating site [record-dag-label]","","","","","","","","","","","","","#inf"
"sae_form_title","sae","","descriptive","Serious Adverse Event Reporting Form v[sae_version]","","","","","","","","","","","","","#inf"
"sae_role_check_i","sae","","descriptive","Only users with Site roles can save newly added SAEs","","Your role: [user-role-label]","","","","","left([user-role-label],4)!='Site' AND [sae_updated_dttm]=''","","","","","","#inf"
"sae_exempt_yn","sae","","radio","Is the event defined in the protocol as a event that does not require reporting?","1, Yes | 0, No","","","","","","[sae_version]!=''","y","RH","","","","#cdi"
"sae_exempt_i","sae","","descriptive","An SAE form does not need to be completed - the event, including assessment of severity and causality, is to be recorded in the participant's medial notes only","","","","","","","[sae_exempt_yn]='1'","","","","","","#inf"
"sae_not_expedited_yn","sae","","radio","Is the event defined in the protocol as an event that does not require expeditated reporting?","1, Yes | 0, No","","","","","","[sae_exempt_yn]='0'","y","RH","","","","#cdi"
"sae_expected_i","sae","","descriptive","An SAE form does not need to be completed to report this event. Instead ensure the event is reported on the relevant follow up CRF.","","","","","","","[sae_not_expedited_yn]='1'","","","","","","#inf"
"sae_save","sae","","descriptive","Form save is prevented until requirement for reporting has been established.","","","","","","","([sae_exempt_yn]!='0' OR ([sae_exempt_yn]='0' AND [sae_not_expedited_yn]!='0'))","","","","","","#inf"
"sae_ref_i","sae","","descriptive","Unique SAE number: [sae_ref]","","Event Details","","","","","[sae_not_expedited_yn]='0'","","","","","","#cdi"
"sae_onset_dt","sae","","text","Date of Onset:","","","date_dmy","[baseline_arm_1][iop_op_end_dt]","today","","[sae_not_expedited_yn]='0'","y","","","","","#cdi | // Min: Date of Index Operation ended:, Max: today \\"
"sae_serious_dt","sae","","text","Date Became Serious:","","","date_dmy","[sae_onset_dt]","today","","[sae_not_expedited_yn]='0'","y","","","","","#cdi | // Min: Date of Onset: , Max: today \\"
"sae_site_aware_dt","sae","","text","Date Site Became Aware:","","Event Information and Diagnosis","date_dmy","[sae_onset_dt]","today","","[sae_not_expedited_yn]='0'","y","","","","","#cdi | // Min: Date of Onset: , Max: today \\"
"sae_signssymptoms","sae","","textarea","Signs and Symptoms: If providing follow up information, please keep the original text and add additional text","","","","","","","[sae_not_expedited_yn]='0'","y","","","","","#cdi #UNBLINDING#"
"sae_diagnosis","sae","","textarea","Diagnosis: If providing follow up information, please keep the original text and add additional text","","","","","","","[sae_not_expedited_yn]='0'","y","","","","","#cdi #UNBLINDING#"
"sae_invest_interven","sae","","textarea","Investigation results/findings and intervention/treatment: If providing follow up information, please keep the original text and add additional text","","","","","","","[sae_not_expedited_yn]='0'","y","","","","","#cdi #UNBLINDING#"
"sae_severity","sae","","dropdown","Event Severity:","1, Mild | 2, Moderate | 3, Severe","","","","","","[sae_not_expedited_yn]='0'","y","","","","","#cdi"
"sae_medical_history_yn","sae","","radio","Any relevant medical history relevant to the SAE being reported?","1, Yes | 0, No","","","","","","[sae_not_expedited_yn]='0'","y","RH","","","","#cdi"
"sae_medical_history","sae","","textarea","List any underlying comorbidities, concomitant medications or investigations etc. that may be relevant to the SAE being reported, and provide a narrative if relevant to diagnosis: Where investigations or lab tests are appended, please ensure patient identifiers are replaced with trial number only","","","","","","","[sae_medical_history_yn]='1'","y","","","","","#cdi #UNBLINDING#"
"sae_supporting_doc","sae","","radio","Do you need to send the trial office any supporting documentation (e.g. laboratory results or investigations)?","1, Yes | 0, No","","","","","","[sae_not_expedited_yn]='0'","y","RH","","","","#cdi"
"sae_1_i","sae","","descriptive","Supporting documents: Ensure patient identifiers are replaced with their trial number only - all documents need to be combined into a single file prior to sending to the trial office: tonic@trials.bham.ac.uk","","Seriousness of Event","","","","","[sae_supporting_doc]='1'","","","","","","#inf"
"sae_death_yn","sae","","radio","Resulted in Death?","1, Yes | 0, No","","","","","","[sae_not_expedited_yn]='0'","y","RH","","","","#cdi"
"sae_death_dt","sae","","text","Date of death:","","","date_dmy","[sae_onset_dt]","today","","[sae_death_yn]='1'","y","","","","","#cdi | // Min: Date of Onset: , Max: today \\"
"sae_causedeath","sae","","text","Cause of death:","","","","","","","[sae_death_yn]='1'","y","","","","","#cdi #UNBLINDING#"
"sae_life_threatening_yn","sae","","radio","Life Threatening Event?","1, Yes | 0, No","","","","","","[sae_death_yn]='0'","y","RH","","","","#cdi"
"sae_hospitalisation_yn","sae","","radio","In-patient Hospitalisation or Prolongation of Existing Hospitalisation?","1, Yes | 0, No","","","","","","[sae_death_yn]='0'","y","RH","","","","#cdi"
"sae_hospitalisation_type","sae","","dropdown","Initial or prolonged?","1, Initial | 2, Prolonged","","","","","","[sae_hospitalisation_yn]='1'","y","","","","","#cdi"
"sae_admission_dt","sae","","text","Please provide the date of initial admission:","","","date_dmy","[sae_onset_dt]","today","","[sae_hospitalisation_type]='1'","y","","","","","#cdi | // Min: Date of Onset: , Max: today \\"
"sae_discharge_dt","sae","","text","Please provide the date of discharge:","","","date_dmy","[sae_onset_dt]","today","","[sae_hospitalisation_yn]='1'","y","","","","","#cdi | // Min: Date of Onset: , Max: today \\"
"sae_disabil_incapac_yn","sae","","radio","Persistent or Significant Disability/Incapacity?","1, Yes | 0, No","","","","","","[sae_death_yn]='0'","y","RH","","","","#cdi"
"sae_congenital_anomaly_yn","sae","","radio","Congenital Anomaly or Birth Defect?","1, Yes | 0, No","","","","","","[sae_death_yn]='0'","y","RH","","","","#cdi"
"sae_other_reason_yn","sae","","radio","Other Medical Reason for Reporting?","1, Yes | 0, No","","","","","","[sae_death_yn]='0'","y","RH","","","","#cdi"
"sae_other_reason","sae","","textarea","Please specify other medical reason for reporting:","","","","","","","[sae_other_reason_yn]='1'","y","","","","","#cdi #UNBLINDING#"
"sae_2_i","sae","","descriptive","All questions that establish the event as Serious have been answered ""No"" - please review and amend","","Event Outcome","","","","","[sae_death_yn]='1' AND [sae_life_threatening_yn]='1' AND [sae_hospitalisation_yn]='1' AND [sae_disabil_incapac_yn]='1' AND [sae_congenital_anomaly_yn]='1' AND [sae_other_reason_yn]='1'","","","","","","#inf"
"sae_3_i","sae","","descriptive","If the participant has died the event status should be answered as fatal.","","","","","","","[sae_death_yn]='1'","","","","","","#inf"
"sae_status","sae","","dropdown","Event status:","1, Ongoing | 2, Resolved | 3, Fatal","","","","","","[sae_not_expedited_yn]='0'","y","","","","","#cdi"
"sae_8_i","sae","","descriptive","The participant has died so the event status should be answered as fatal.","","","","","","","[sae_status]!='' AND [sae_status]!='3' AND [sae_death_yn]='1'","","","","","","#inf"
"sae_resolved_dt","sae","","text","Date Resolved:","","","date_dmy","[sae_onset_dt]","today","","[sae_status]='2'","y","","","","","#cdi | // Min: Date of Onset: , Max: today \\"
"sae_4_i","sae","","descriptive","Please return and update once the event is no longer ongoing","","Details of Person Reporting","","","","","[sae_status]='1'","","","","","","#inf"
"sae_reported_by","sae","","sql","Name of Person Reporting:","","","","","","","[sae_not_expedited_yn]='0'","y","","","","","#cdi"
"sae_reported_dt","sae","","text","Date Reported:","","Causality Assessment","date_dmy","[sae_onset_dt]","today","","[sae_not_expedited_yn]='0'","y","","","","","#cdi | // Min: Date of Onset: , Max: today \\"
"sae_6_i","sae","","descriptive","Medically qualified person making the assessment must be on the delegation log","","","","","","","[sae_not_expedited_yn]='0'","","","","","","#inf"
"sae_causality_site","sae","","dropdown","Causal relationship of the event to the study - is the event related to the trial?","1, Not related | 2, Unlikely to be related | 3, Possibly related | 4, Probably related | 5, Definitely related","","","","","","[sae_not_expedited_yn]='0'","y","","","","","#cdi"
"sae_explanation_unrelated","sae","","textarea","Please provide details of an alternative explanation for the event:","","","","","","","[sae_not_expedited_yn]='0'","y","","","","","#cdi #UNBLINDING#"
"sae_assessed_dt","sae","","text","Date of Assessment:","","","date_dmy","[sae_onset_dt]","today","","[sae_not_expedited_yn]='0'","y","","","","","#cdi | // Min: Date of Onset: , Max: today \\"
"sae_assessed_by","sae","","sql","Name of PI/Medically qualified delegate:","","Central SAE Reviewer (Chief Investigator or delegate) review","","","","","[sae_not_expedited_yn]='0'","y","","","","","#cdi"
"sae_causality_cent","sae","","dropdown","Review of causality by Central SAE Reviewer (Chief Investigator or delegate):","1, Not related | 2, Unlikely to be related | 3, Possibly related | 4, Probably related | 5, Definitely related","","","","","","[sae_not_expedited_yn]='0'","y","","","","","#cdi"
"sae_expectedness","sae","","dropdown","Assessment of expectedness with reference to the Protocol by Central SAE Reviewer (Chief Investigator or delegate):","1, Expected | 2, Unexpected","","","","","","[sae_causality_site]>='3' OR [sae_causality_cent]>='3'","y","","","","","#cdi"
"sae_soc","sae","","dropdown","System Organ Classification (SOC) - please indicate the event classification below:","1, Infections and infestations | 2, Blood and lymphatic system disorders | 3, Endocrine disorders | 4, Psychiatric disorders | 5, Eye disorders | 6, Cardiac disorders | 7, Respiratory, thoracic and mediastinal disorders | 8, Hepatobiliary disorders | 9, Musculoskeletal and connective tissue disorders | 10, Pregnancy, puerperium and perinatal conditions | 11, Congenital, familial and genetic disorders | 12, Investigations | 13, Surgical and medical procedures | 14, Neoplasms benign, malignant and unspecified | 15, Immune system disorders | 16, Metabolism and nutrition disorders | 17, Nervous system disorders | 18, Ear and labyrinth disorders | 19, Vascular disorders | 20, Gastrointestinal disorders | 21, Skin and subcutaneous tissue disorders | 22, Renal and urinary disorders | 23, Reproductive system and breast disorders | 24, General disorders and administration site conditions | 25, Injury, poisoning and procedural complications | 26, Social circumstances | 99, Other","","","","","","[sae_not_expedited_yn]='0'","y","","","","","#cdi"
"sae_soc_oth","sae","","textarea","Please specify other System Organ classification (SOC)","","","","","","","[sae_soc]='99'","y","","","","","#cdi #UNBLINDING#"
"sae_medra_pt","sae","","text","MedDRA preferred term","","","","","","","[sae_not_expedited_yn]='0'","y","","","","","#cdi #UNBLINDING#"
"sae_1_sbhd","sae","","descriptive","Sign offIn completing this section of the form, the Central SAE Reviewer (Chief Investigator or delegate) confirms the Causality and Expectedness of the event","","","","","","","[sae_not_expedited_yn]='0'","","","","","","#inf"
"sae_reviewed_by","sae","","sql","Name of Central SAE Reviewer (Chief Investigator or delegate):","","","","","","","[sae_not_expedited_yn]='0'","y","","","","","#cdi"
"sae_reviewed_dt","sae","","text","Date of review of SAE by the Central SAE Reviewer (Chief Investigator or delegate):","","Office Use Only","date_dmy","[sae_onset_dt]","today","","[sae_not_expedited_yn]='0'","y","","","","","#cdi | // Min: Date of Onset: , Max: today \\"
"sae_ref","sae","","calctext","SAE Reference Number:","","","","","","","[sae_not_expedited_yn]='0'","y","","","","","#cdi"
"sae_category","sae","","dropdown","Event categorised as:","1, Expedited SAE which is Related and Unexpected | 2, Expedited SAE | 3, Non-expedited SAE | 4, Non-SAE (downgraded to an AE following review) | 5, Non-SAE (e.g. reported in error) | 6, SAE exempt from reporting","","","","","","[sae_not_expedited_yn]='0'","y","","","","","#cdi"
"sae_sponsor_yn","sae","","radio","Has this event been reported to Sponsor?","1, Yes | 0, No","","","","","","[sae_category]='1'","y","RH","","","","#cdi"
"sae_sponsor_dt","sae","","text","Date Reported to Sponsor:","","","date_dmy","[sae_onset_dt]","today","","[sae_sponsor_yn]='1'","y","","","","","#cdi | // Min: Date of Onset: , Max: today \\"
"sae_rec_yn","sae","","radio","Has this event been reported to REC?","1, Yes | 0, No","","","","","","[sae_category]='1'","y","RH","","","","#cdi"
"sae_rec_dt","sae","","text","Date Reported to REC:","","","date_dmy","[sae_onset_dt]","today","","[sae_rec_yn]='1'","y","","","","","#cdi | // Min: Date of Onset: , Max: today \\"
"sae_7_i","sae","","descriptive","This SAE should be reported to the Sponsor and the REC.","","","","","","","[sae_category]='1' AND ([sae_sponsor_yn]='0' OR [sae_rec_yn]='0')","","","","","","#inf"
"sae_bctu_comments","sae","","textarea","Comments","","","","","","","[sae_not_expedited_yn]='0'","y","","","","","#cdi #UNBLINDING#"
"sae_bctu_by","sae","","sql","Name of BCTU staff:","","","","","","","[sae_not_expedited_yn]='0'","y","","","","","#cdi"
"sae_bctu_dt","sae","","text","Date:","","","date_dmy","[sae_onset_dt]","today","","[sae_not_expedited_yn]='0'","y","","","","","#cdi | // Min: Date of Onset: , Max: today \\"
"sae_stdfooter","sae","","descriptive","Created by [sae_created_by] on [sae_created_dt] at [sae_created_tm]","","","","","","","","","","","","","#adm"
"sae_created_by","sae","","text","Form created by","","","","","","","[sae_version]!=''","","","","","","#sys"
"sae_created_dt","sae","","text","Form created date","","","date_dmy","","","","[sae_version]!=''","","","","","","#sys"
"sae_created_tm","sae","","text","Form created time","","","time","","","","[sae_version]!=''","","","","","","#sys"
"sae_updated_dttm","sae","","text","Datetime latest update after initial save started (from opened)","","Form Status","datetime_dmy","","","","[sae_version]!=''","","","","","","#sys"
"sae_complete","sae","","dropdown","Complete?","0, Incomplete | 1, Unverified | 2, Complete","","","","","","","","","","","",""
"cos_version","trial_exit_change_of_status","","dropdown","FORMAP Form Version","0, Dev | 1, 1.0","","","","","","[cos_version]!=''","","","","","","#sys"
"cos_stdhr","trial_exit_change_of_status","","descriptive","Participant Trial Number [first-event-name][record_id] Participating site [record-dag-label]","","","","","","","","","","","","","#inf"
"cos_form_title","trial_exit_change_of_status","","descriptive","Trial Exit/Change of Status Form v[cos_version]","","Status Change","","","","","","","","","","","#inf"
"cos_1_i","trial_exit_change_of_status","","descriptive","Please note: If you are completing this Change of Status form due to a participant not having surgery as planned then select answer 'No operation' for the following question.","","","","","","","","","","","","","#inf"
"cos_type","trial_exit_change_of_status","","dropdown","What type of status change is being reported?","1, Death - Notification that participant has died | 2, No Operation - Participant did not have TONIC index operation as planned | 3, Part withdrawal - Participant wishes to withdraw from certain aspects of the trial (intervention (Only participants allocated to PN can withdraw from Intervention), follow-up, questionnaires and/or data collection) | 4, Complete withdrawal - Participant wishes to withdraw completely from the trial i.e. no further data will be collected | 5, Lost to follow-up - After repeated attempts using a variety of methods (calls at a range of times during the day, texts, emails and/or letters) it has not been possible to contact the participant","","","","","","[cos_version]!=''","y","","","","","#cdi"
"cos_dt","trial_exit_change_of_status","","text","Date of change in trial status:","","","date_dmy","","","","[cos_version]!=''","y","","","","","#cdi"
"cos_decision","trial_exit_change_of_status","","dropdown","Who made the decision to change the participants trial status?","1, Participant | 2, Clinician | 3, Personal consultee/legal representative","","","","","","[cos_type]='3' OR [cos_type]='4'","y","","","","","#cdi"
"cos_dod","trial_exit_change_of_status","","text","Date of death:","","","date_dmy","[baseline_arm_1][rand_dt]","today","","[cos_type]='1'","y","","","","","#cdi | // Min: Randomisation date, Max: today \\"
"cos_cod","trial_exit_change_of_status","","text","Primary cause of death:","","","","","","","[cos_type]='1'","y","","","","","#cdi #UNBLINDING#"
"cos_2_i","trial_exit_change_of_status","","descriptive","Please complete an SAE form","","","","","","","[cos_type]='1'","","","","","","#inf"
"cos_no_operation","trial_exit_change_of_status","","textarea","Please specify why the participant did not have operation:","","","","","","","[cos_type]='2'","y","","","","","#cdi"
"cos_withdraw_i","trial_exit_change_of_status","","descriptive","From which parts of the main trial does the participant wish to withdraw?","","","","","","","[cos_type]='3'","","","","","","#inf | #UNBLINDING#"
"cos_withdraw_tx_yn","trial_exit_change_of_status","","radio","Intervention (Parenteral Nutrition):","1, Yes | 0, No","","","","","","[cos_type]='3' AND [baseline_arm_1][rand_allocation]='1'","y","RH","","","","#cdi #UNBLINDING#"
"cos_withdraw_tx","trial_exit_change_of_status","","textarea","Please provide further information:","","","","","","","[cos_withdraw_tx]='1'","y","","","","","#cdi #UNBLINDING#"
"cos_withdraw_fu","trial_exit_change_of_status","","radio","Trial follow-up but willing for routinely collected data to be provided:","1, Yes | 0, No","","","","","","[cos_type]='3'","y","RH","","","","#cdi"
"cos_withdraw_quest","trial_exit_change_of_status","","radio","Participant completed questionnaires:","1, Yes | 0, No","","","","","","[cos_type]='3'","y","RH","","","","#cdi"
"cos_warn_i","trial_exit_change_of_status","","descriptive","All answered No - at least one should be Yes else no withdrawal to document","","","","","","","(([baseline_arm_1][rand_allocation]='1' AND [cos_withdraw_tx_yn] = '0') OR [baseline_arm_1][rand_allocation]='2') AND [cos_withdraw_fu] = '0' AND [cos_withdraw_quest] = '0'","","","","","","#inf"
"cos_withdraw_rsn_pt","trial_exit_change_of_status","","dropdown","What is the main reason for the participant changing their status?","1, No reason given | 2, Participant no longer interested in research | 3, Participant unhappy with their trial treatment allocation | 4, Follow up contact too burdensome | 5, Participant did NOT provide Delayed consent | 99, Other","","","","","","([cos_type]='3' OR [cos_type]='4') AND [cos_decision]='1'","y","","","","","#cdi"
"cos_withdraw_rsn_pclr","trial_exit_change_of_status","","dropdown","What is the main reason for the personal consultee/legal representative changing the participant's status?","1, No reason given | 2, Personal consultee/legal representative no longer interested in research | 3, Personal consultee/legal representative unhappy with their trial treatment allocation | 4, Follow up contact too burdensome | 99, Other","","","","","","([cos_type]='3' OR [cos_type]='4') AND [cos_decision]='3'","y","","","","","#cdi"
"cos_withdraw_rsn_clin","trial_exit_change_of_status","","dropdown","What is the main reason for the Clinician changing the participant's status?","1, Clinical need | 99, Other","","","","","","([cos_type]='3' OR [cos_type]='4') AND [cos_decision]='2'","y","","","","","#cdi"
"cos_withdraw_rsn_oth","trial_exit_change_of_status","","textarea","Please specify other reason for status change:","","","","","","","[cos_withdraw_rsn_pt]='99' OR [cos_withdraw_rsn_pclr]='99' OR [cos_withdraw_rsn_clin]='99'","y","","","","","#cdi #UNBLINDING#"
"cos_3_i","trial_exit_change_of_status","","descriptive","Please note: LTFU refers to participants who have missed several consecutive visits and cannot be reached despite multiple attempts.","","","","","","","[cos_type]='5'","","","","","","#inf"
"cos_ltf_last_contact_dt","trial_exit_change_of_status","","text","Date of last contact:","","","date_dmy","[baseline_arm_1][rand_dt]","today","","[cos_type]='5'","y","","","","","#cdi | // Min: Randomisation date, Max: today \\"
"cos_ltf_last_contact_num","trial_exit_change_of_status","","text","How many attempts were made to contact the participant? If none, please enter zero","","Form completion details","integer","0","99","","[cos_type]='5'","y","","","","","#cdi"
"cos_completed_by","trial_exit_change_of_status","","sql","Form completed by:","","","","","","","[cos_version]!=''","y","","","","","#cdi"
"cos_completed_dt","trial_exit_change_of_status","","text","Date form completed:","","","date_dmy","[baseline_arm_1][rand_dt]","today","","[cos_version]!=''","y","","","","","#cdi | // Min: Randomisation date, Max: today \\"
"cos_stdfooter","trial_exit_change_of_status","","descriptive","Created by [cos_created_by] on [cos_created_dt] at [cos_created_tm]","","","","","","","","","","","","","#adm"
"cos_created_by","trial_exit_change_of_status","","text","Form created by","","","","","","","[cos_version]!=''","","","","","","#sys"
"cos_created_dt","trial_exit_change_of_status","","text","Form created date","","","date_dmy","","","","[cos_version]!=''","","","","","","#sys"
"cos_created_tm","trial_exit_change_of_status","","text","Form created time","","Form Status","time","","","","[cos_version]!=''","","","","","","#sys"
"trial_exit_change_of_status_complete","trial_exit_change_of_status","","dropdown","Complete?","0, Incomplete | 1, Unverified | 2, Complete","","","","","","","","","","","",""
"preg_n_version","pregnancy_notification","","dropdown","FORMAP Form Version","0, Dev | 1, 1.0","","","","","","[preg_n_version]!=''","","","","","","#sys"
"preg_n_stdhr","pregnancy_notification","","descriptive","Participant Trial Number [first-event-name][record_id] Participating site [record-dag-label]","","","","","","","","","","","","","#inf"
"preg_n_form_title","pregnancy_notification","","descriptive","Pregnancy Notification Form v[preg_n_version]","","Report details","","","","","","","","","","","#inf"
"preg_n_aware_dt","pregnancy_notification","","text","Date site became aware of pregnancy:","","","date_dmy","[baseline_arm_1][iop_op_end_dt]","today","","[preg_n_version]!=''","y","","","","","#cdi | // Min: Date of Index Operation ended:, Max: today \\"
"preg_n_reported_dt","pregnancy_notification","","text","Date of reporting to BCTU:","","Pregnancy notification","date_dmy","[preg_n_aware_dt]","today","","[preg_n_version]!=''","y","","","","","#cdi | // Min: Date site became aware of pregnancy:, Max: today \\"
"preg_n_cycle_start_yn","pregnancy_notification","","radio","Is the start date of last menstrual cycle known","1, Yes | 0, No","","","","","","[preg_n_version]!=''","y","RH","","","","#cdi"
"preg_n_cycle_start_dt","pregnancy_notification","","text","Start date of last menstrual cycle:","","","date_dmy","","","","[preg_n_cycle_start_yn]='1'","y","","","","","#cdi"
"preg_n_confirmed_yn","pregnancy_notification","","radio","Date pregnancy confirmed known","1, Yes | 0, No","","","","","","[preg_n_version]!=''","y","RH","","","","#cdi"
"preg_n_confirmed_dt","pregnancy_notification","","text","Date pregnancy confirmed:","","","date_dmy","[baseline_arm_1][iop_op_end_dt]","","","[preg_n_confirmed_yn]='1'","y","","","","","#cdi | // Min: Date of Index Operation ended:, Max: \\"
"preg_n_delivery_yn","pregnancy_notification","","radio","Expected date of delivery known","1, Yes | 0, No","","","","","","[preg_n_version]!=''","y","RH","","","","#cdi"
"preg_n_delivery_dt","pregnancy_notification","","text","Expected date of delivery:","","","date_dmy","[baseline_arm_1][iop_op_end_dt]","","","[preg_n_delivery_yn]='1'","y","","","","","#cdi | // Min: Date of Index Operation ended:, Max: \\"
"preg_n_1_i","pregnancy_notification","","descriptive","Please complete Pregnancy Outcome form once outcome has been reached","","Form completion details","","","","","","","","","","","#inf"
"preg_n_completed_by","pregnancy_notification","","sql","Form completed by:","","","","","","","[preg_n_version]!=''","y","","","","","#cdi"
"preg_n_completed_dt","pregnancy_notification","","text","Date from completed:","","","date_dmy","[baseline_arm_1][iop_op_end_dt]","today","","[preg_n_version]!=''","y","","","","","#cdi | // Min: Date of Index Operation ended:, Max: today \\"
"preg_n_stdfooter","pregnancy_notification","","descriptive","Created by [preg_n_created_by] on [preg_n_created_dt] at [preg_n_created_tm]","","","","","","","","","","","","","#adm"
"preg_n_created_by","pregnancy_notification","","text","Form created by","","","","","","","[preg_n_version]!=''","","","","","","#sys"
"preg_n_created_dt","pregnancy_notification","","text","Form created date","","","date_dmy","","","","[preg_n_version]!=''","","","","","","#sys"
"preg_n_created_tm","pregnancy_notification","","text","Form created time","","Form Status","time","","","","[preg_n_version]!=''","","","","","","#sys"
"pregnancy_notification_complete","pregnancy_notification","","dropdown","Complete?","0, Incomplete | 1, Unverified | 2, Complete","","","","","","","","","","","",""
"preg_o_version","pregnancy_outcome","","dropdown","FORMAP Form Version","0, Dev | 1, 1.0","","","","","","[preg_o_version]!=''","","","","","","#sys"
"preg_o_stdhr","pregnancy_outcome","","descriptive","Participant Trial Number [first-event-name][record_id] Participating site [record-dag-label]","","","","","","","","","","","","","#inf"
"preg_o_form_title","pregnancy_outcome","","descriptive","Pregnancy Outcome Form v[preg_o_version]","","Pregnancy outcome","","","","","","","","","","","#inf"
"preg_o_outcome_dt","pregnancy_outcome","","text","Date of pregnancy outcome:","","","date_dmy","[preg_n_confirmed_dt]","today","","[preg_n_version]!=''","y","","","","","#cdi | // Min: Date pregnancy confirmed:, Max: today \\"
"preg_o_outcome","pregnancy_outcome","","dropdown","What was the outcome of the pregnancy?","1, Induced abortion (not medically indicated) | 2, Induced abortion (medically indicated) | 3, Miscarriage | 4, Stillbirth | 5, Live Birth","","","","","","[preg_n_version]!=''","y","","","","","#cdi"
"preg_o_med_indication","pregnancy_outcome","","textarea","Please specify medical indication:","","","","","","","[preg_o_outcome]='2'","y","","","","","#cdi #UNBLINDING#"
"preg_o_birth_defect_yn","pregnancy_outcome","","radio","Birth defects:","1, Yes | 0, No","","","","","","[preg_o_outcome]='5'","y","RH","","","","#cdi"
"preg_o_birth_defect","pregnancy_outcome","","text","Please specify:","","","","","","","[preg_o_birth_defect_yn]='1'","y","","","","","#cdi"
"preg_o_1_i","pregnancy_outcome","","descriptive","Please complete an SAE form.","","","","","","","[preg_o_birth_defect_yn]='1'","","","","","","#inf"
"preg_o_neo_admit_yn","pregnancy_outcome","","radio","Neonatal unit admission:","1, Yes | 0, No","","","","","","[preg_o_outcome]='5'","y","RH","","","","#cdi"
"preg_o_neo_admit","pregnancy_outcome","","text","Please specify:","","","","","","","[preg_o_neo_admit_yn]='1'","y","","","","","#cdi"
"preg_o_2_i","pregnancy_outcome","","descriptive","Please complete an SAE form.","","","","","","","[preg_o_neo_admit_yn]='1'","","","","","","#inf"
"preg_o_neo_death_yn","pregnancy_outcome","","radio","Neonatal death:","1, Yes | 0, No","","","","","","[preg_o_outcome]='5'","y","RH","","","","#cdi"
"preg_o_neo_death","pregnancy_outcome","","text","Please specify:","","","","","","","[preg_o_neo_death_yn]='1'","y","","","","","#cdi"
"preg_o_3_i","pregnancy_outcome","","descriptive","Please complete an SAE form.","","","","","","","[preg_o_neo_death_yn]='1'","","","","","","#inf"
"preg_o_additional_info","pregnancy_outcome","","textarea","Additional information: Mother's relevant medical history and other medication taken during pregnancy If no additional information to report please state ""NONE"". Please do not leave this field blank.","","Form completion details","","","","","[preg_n_version]!=''","y","","","","","#cdi #UNBLINDING#"
"preg_o_completed_by","pregnancy_outcome","","sql","Form completed by:","","","","","","","[preg_n_version]!=''","y","","","","","#cdi"
"preg_o_completed_dt","pregnancy_outcome","","text","Date from completed:","","","date_dmy","[preg_n_confirmed_dt]","today","","[preg_n_version]!=''","y","","","","","#cdi | // Min: Date pregnancy confirmed:, Max: today \\"
"preg_o_stdfooter","pregnancy_outcome","","descriptive","Created by [preg_o_created_by] on [preg_o_created_dt] at [preg_o_created_tm]","","","","","","","","","","","","","#adm"
"preg_o_created_by","pregnancy_outcome","","text","Form created by","","","","","","","[preg_o_version]!=''","","","","","","#sys"
"preg_o_created_dt","pregnancy_outcome","","text","Form created date","","","date_dmy","","","","[preg_o_version]!=''","","","","","","#sys"
"preg_o_created_tm","pregnancy_outcome","","text","Form created time","","Form Status","time","","","","[preg_o_version]!=''","","","","","","#sys"
"pregnancy_outcome_complete","pregnancy_outcome","","dropdown","Complete?","0, Incomplete | 1, Unverified | 2, Complete","","","","","","","","","","","",""
"s_comp_version","surgical_complications","","dropdown","FORMAP Form Version","0, Dev | 2, 2.0","","","","","","[s_comp_version]!=''","","","","","","#sys"
"s_comp_stdhr","surgical_complications","","descriptive","Participant Trial Number [first-event-name][record_id] Participating site [record-dag-label]","","","","","","","","","","","","","#inf"
"s_comp_form_title","surgical_complications","","descriptive","Surgical Complications Form v[s_comp_version]","","","","","","","","","","","","","#inf"
"s_comp_1_i","surgical_complications","","descriptive","For each surgical complication please answer the questions below.","","","","","","","","","","","","","#inf"
"s_comp_complication","surgical_complications","","dropdown","Please select post-operative complication from the list below:","1, Urinary tract infection | 2, Acute kidney injury (not present at admission) | 3, Pneumonia | 4, Atrial fibrillation | 5, Myocardial infarction | 6, Cerebrovascular accident | 7, Deep vein thrombosis | 8, Pulmonary embolism | 9, Delirium | 10, Intra-abdominal collection | 11, Superficial surgical site infection | 12, Deep surgical site infection | 13, Superficial (skin) dehiscence | 14, Fascial (abdominal wall) dehiscence | 15, Anastomotic leak | 99, Other post-operative complications","","","","","","[s_comp_version]!=''","y","","","","","#cdi"
"s_comp_complication_oth","surgical_complications","","text","Specify other post-operative complication:","","","","","","","[s_comp_complication]='99'","y","","","","","#cdi"
"s_comp_onset_yn","surgical_complications","","radio","Date of onset known?","1, Yes | 0, No","","","","","","[s_comp_version]!=''","y","RH","","","","#cdi"
"s_comp_onset_dt","surgical_complications","","text","Date of onset:","","","date_dmy","[baseline_arm_1][iop_op_end_dt]","[baseline_arm_1][iop_op_end_dt_plus90d]","","[s_comp_onset_yn]='1'","y","","","","","#cdi | // Min: Date of Index Operation ended:, Max: Date of Index Operation ended + 90 days: \\"
"s_comp_onset_tmframe","surgical_complications","","dropdown","Timeframe of onset:","1, Day of operation to day of discharge | 2, Day after discharge to Day 30 | 3, Day 31 to Day 90","","","","","","[s_comp_onset_yn]='0'","y","","","","","#cdi"
"s_comp_onset_lb","surgical_complications","","calctext","Onset (overall) for instance table","","","","","","","[s_comp_onset_yn]!=''","","","","","","#sys"
"s_comp_clavian_dindo","surgical_complications","","dropdown","Clavian-Dindo grade:","1, Grade I - No need for pharmacology/intervention | 2, Grade II - Pharmacological treatment or minor intervention only | 3, Grade IIIa - Requires surgical or endoscopic intervention but without general anaesthesia | 4, Grade IIIb - Requires surgical or endoscopic intervention with general anaesthesia | 5, Grade IVa - ITU management and life support: single organ | 6, Grade IVb - ITU management and life support: multi-organ | 7, Grade V - Leading to death","","","","","","[s_comp_version]!=''","y","","","","","#cdi"
"s_comp_ae_sae","surgical_complications","","dropdown","Is the reported complication a Adverse Event (AE) or Serious Adverse Event (SAE) ?","1, AE | 2, SAE","","","","","","[s_comp_version]!=''","y","","","","","#cdi"
"s_comp_2_i","surgical_complications","","descriptive","If the Participant has experienced an SAE, please refer to section 10.5 of the TONIC Protocol.","","","","","","","[s_comp_ae_sae]='2'","","","","","","#inf"
"s_comp_3_i","surgical_complications","","descriptive","If the reported SAE is one of the protocol defined expected Serious Adverse Event it is NOT subject to expedited reporting since they are expected potential complications of an emergency laparotomy / laparoscopy.","","","","","","","[s_comp_complication]!='' AND [s_comp_complication]!='99' AND [s_comp_ae_sae]='2'","","","","","","#inf"
"s_comp_4_i","surgical_complications","","descriptive","If the reported SAE is NOT one of the protocol defined expected Serious Adverse Events it is subject to expedited reporting in which case you should complete an SAE Form. (i.e. if the Question 'Other' is answered 'YES').","","If the ""Other"" event is not serious, then it may just be documented on the complications form and not require an SAE form.","","","","","[s_comp_complication]='99' AND [s_comp_ae_sae]='2'","","","","","","#inf"
"s_comp_stdfooter","surgical_complications","","descriptive","Created by [s_comp_created_by] on [s_comp_created_dt] at [s_comp_created_tm]","","","","","","","","","","","","","#adm"
"s_comp_created_by","surgical_complications","","text","Form created by","","","","","","","[s_comp_version]<>''","","","","","","#sys"
"s_comp_created_dt","surgical_complications","","text","Form created date","","","date_dmy","","","","[s_comp_version]!=''","","","","","","#sys"
"s_comp_created_tm","surgical_complications","","text","Form created time","","Form Status","time","","","","[s_comp_version]!=''","","","","","","#sys"
"surgical_complications_complete","surgical_complications","","dropdown","Complete?","0, Incomplete | 1, Unverified | 2, Complete","","","","","","","","","","","",""
"l_comp_version","line_complications","","dropdown","FORMAP Form Version","0, Dev | 2, 2.0","","","","","","[l_comp_version]!=''","","","","","","#sys"
"l_comp_stdhr","line_complications","","descriptive","Participant Trial Number [first-event-name][record_id] Participating site [record-dag-label]","","","","","","","","","","","","","#inf"
"l_comp_form_title","line_complications","","descriptive","Line Complications Form v[l_comp_version]","","","","","","","","","","","","","#inf"
"l_comp_1_i","line_complications","","descriptive","For each Line complication please answer the questions below.","","","","","","","","","","","","","#inf"
"l_comp_complication","line_complications","","dropdown","Line complication:","1, Pneumothorax | 2, Line infection | 3, Line fracture | 4, Line occlusion | 5, Line thrombosis | 99, Other","","","","","","[l_comp_version]!=''","y","","","","","#cdi #UNBLINDING#"
"l_comp_complication_oth","line_complications","","text","Specify other Line complication:","","","","","","","[l_comp_complication]='99'","y","","","","","#cdi #UNBLINDING#"
"l_comp_onset_yn","line_complications","","radio","Date of onset known?","1, Yes | 0, No","","","","","","[l_comp_version]!=''","y","RH","","","","#cdi #UNBLINDING#"
"l_comp_onset_dt","line_complications","","text","Date of onset:","","","date_dmy","[baseline_arm_1][iop_op_end_dt]","[baseline_arm_1][iop_op_end_dt_plus90d]","","[l_comp_onset_yn]='1'","y","","","","","#cdi #UNBLINDING# | // Min: Date of Index Operation ended:, Max: Date of Index Operation ended + 90 days: \\"
"l_comp_onset_tmframe","line_complications","","dropdown","Timeframe of onset:","1, Day of operation to day of discharge | 2, Day after discharge to Day 30 | 3, Day 31 to Day 90","","","","","","[l_comp_onset_yn]='0'","y","","","","","#cdi #UNBLINDING#"
"l_comp_onset_lb","line_complications","","calctext","Onset (overall) for instance table","","","","","","","[l_comp_onset_yn]!=''","","","","","","#sys"
"l_comp_managed_i","line_complications","","descriptive","How was it managed?","","","","","","","","","","","","","#cdi"
"l_comp_managed_removal","line_complications","","radio","Line removal","1, Yes | 0, No","","","","","","[l_comp_version]!=''","y","RH","","","","#cdi #UNBLINDING#"
"l_comp_managed_salvage","line_complications","","radio","Line salvage","1, Yes | 0, No","","","","","","[l_comp_version]!=''","y","RH","","","","#cdi #UNBLINDING#"
"l_comp_clavian_dindo","line_complications","","dropdown","Clavian-Dindo grade:","1, Grade I - No need for pharmacology/intervention | 2, Grade II - Pharmacological treatment or minor intervention only | 3, Grade IIIa - Requires surgical or endoscopic intervention but without general anaesthesia | 4, Grade IIIb - Requires surgical or endoscopic intervention with general anaesthesia | 5, Grade IVa - ITU management and life support: single organ | 6, Grade IVb - ITU management and life support: multi-organ | 7, Grade V - Leading to death","","","","","","[l_comp_version]!=''","y","","","","","#cdi #UNBLINDING#"
"l_comp_ae_sae","line_complications","","dropdown","Is the reported complication a Adverse Event (AE) or Serious Adverse Event (SAE) ?","1, AE | 2, SAE","","","","","","[l_comp_version]!=''","y","","","","","#cdi #UNBLINDING#"
"l_comp_2_i","line_complications","","descriptive","If the Participant has experienced an SAE, please refer to section 10.5 of the TONIC Protocol.","","","","","","","[l_comp_ae_sae]='2'","","","","","","#inf"
"l_comp_3_i","line_complications","","descriptive","If the reported SAE is one of the protocol defined expected Serious Adverse Event it is NOT subject to expedited reporting since they are expected potential complications of line insertion.","","","","","","","[l_comp_complication]!='' AND [l_comp_complication]!='99' AND [l_comp_ae_sae]='2'","","","","","","#inf"
"l_comp_4_i","line_complications","","descriptive","If the reported SAE is NOT one of the protocol defined expected Serious Adverse Events it is subject to expedited reporting in which case you should complete an SAE Form. (i.e. if the Question 'Other' is answered 'YES').","","If the ""Other"" event is not serious, then it may just be documented on the complications form and not require an SAE form.","","","","","[l_comp_complication]='99' AND [l_comp_ae_sae]='2'","","","","","","#inf"
"l_comp_stdfooter","line_complications","","descriptive","Created by [l_comp_created_by] on [l_comp_created_dt] at [l_comp_created_tm]","","","","","","","","","","","","","#adm"
"l_comp_created_by","line_complications","","text","Form created by","","","","","","","[l_comp_version]!=''","","","","","","#sys"
"l_comp_created_dt","line_complications","","text","Form created date","","","date_dmy","","","","[l_comp_version]!=''","","","","","","#sys"
"l_comp_created_tm","line_complications","","text","Form created time","","Form Status","time","","","","[l_comp_version]!=''","","","","","","#sys"
"line_complications_complete","line_complications","","dropdown","Complete?","0, Incomplete | 1, Unverified | 2, Complete","","","","","","","","","","","",""
"p_comp_version","pn_complications","","dropdown","FORMAP Form Version","0, Dev | 2, 2.0","","","","","","[p_comp_version]!=''","","","","","","#sys"
"p_comp_stdhr","pn_complications","","descriptive","Participant Trial Number [first-event-name][record_id] Participating site [record-dag-label]","","","","","","","","","","","","","#inf"
"p_comp_form_title","pn_complications","","descriptive","PN Complications Form v[p_comp_version]","","","","","","","","","","","","","#inf"
"p_comp_1_i","pn_complications","","descriptive","For each PN complication please answer the questions below.","","","","","","","","","","","","","#inf"
"p_comp_complication","pn_complications","","dropdown","PN complication:","1, Hypoglycaemia | 2, Hyperglycaemia | 3, Hypokalaemia | 4, Refeeding syndrome | 5, Cholestasis | 99, Other","","","","","","","y","","","","","#cdi #UNBLINDING#"
"p_comp_complication_oth","pn_complications","","text","Specify other PN complication:","","","","","","","[p_comp_complication]='99'","y","","","","","#cdi #UNBLINDING#"
"p_comp_onset_yn","pn_complications","","radio","Date of onset known?","1, Yes | 0, No","","","","","","","y","RH","","","","#cdi #UNBLINDING#"
"p_comp_onset_dt","pn_complications","","text","Date of onset:","","","date_dmy","[baseline_arm_1][iop_op_end_dt]","[baseline_arm_1][iop_op_end_dt_plus90d]","","[p_comp_onset_yn]='1'","y","","","","","#cdi #UNBLINDING# | // Min: Date of Index Operation ended:, Max: Date of Index Operation ended + 90 days: \\"
"p_comp_onset_tmframe","pn_complications","","dropdown","Timeframe of onset:","1, Day of operation to day of discharge | 2, Day after discharge to Day 30 | 3, Day 31 to Day 90","","","","","","[p_comp_onset_yn]='0'","y","","","","","#cdi #UNBLINDING#"
"p_comp_onset_lb","pn_complications","","calctext","Onset (overall) for instance table","","","","","","","[p_comp_onset_yn]!=''","","","","","","#sys"
"p_comp_clavian_dindo","pn_complications","","dropdown","Clavian-Dindo grade:","1, Grade I - No need for pharmacology/intervention | 2, Grade II - Pharmacological treatment or minor intervention only | 3, Grade IIIa - Requires surgical or endoscopic intervention but without general anaesthesia | 4, Grade IIIb - Requires surgical or endoscopic intervention with general anaesthesia | 5, Grade IVa - ITU management and life support: single organ | 6, Grade IVb - ITU management and life support: multi-organ | 7, Grade V - Leading to death","","","","","","","y","","","","","#cdi #UNBLINDING#"
"p_comp_ae_sae","pn_complications","","dropdown","Is the reported complication a Adverse Event (AE) or Serious Adverse Event (SAE) ?","1, AE | 2, SAE","","","","","","","y","","","","","#cdi #UNBLINDING#"
"p_comp_2_i","pn_complications","","descriptive","If the Participant has experienced an SAE, please refer to section 10.5 of the TONIC Protocol.","","","","","","","[p_comp_ae_sae]='2'","","","","","","#inf"
"p_comp_3_i","pn_complications","","descriptive","If the reported SAE is one of the protocol defined expected Serious Adverse Event it is NOT subject to expedited reporting since they are expected potential complications of PN.","","","","","","","[p_comp_complication]!='' AND [p_comp_complication]!='99' AND [p_comp_ae_sae]='2'","","","","","","#inf"
"p_comp_4_i","pn_complications","","descriptive","If the reported SAE is NOT one of the protocol defined expected Serious Adverse Events it is subject to expedited reporting in which case you should complete an SAE Form. (i.e. if the Question 'Other' is answered 'YES').","","If the ""Other"" event is not serious, then it may just be documented on the complications form and not require an SAE form.","","","","","[p_comp_complication]='99' AND [p_comp_ae_sae]='2'","","","","","","#inf"
"p_comp_stdfooter","pn_complications","","descriptive","Created by [p_comp_created_by] on [p_comp_created_dt] at [p_comp_created_tm]","","","","","","","","","","","","","#adm"
"p_comp_created_by","pn_complications","","text","Form created by","","","","","","","[p_comp_version]!=''","","","","","","#sys"
"p_comp_created_dt","pn_complications","","text","Form created date","","","date_dmy","","","","[p_comp_version]!=''","","","","","","#sys"
"p_comp_created_tm","pn_complications","","text","Form created time","","Form Status","time","","","","[p_comp_version]!=''","","","","","","#sys"
"pn_complications_complete","pn_complications","","dropdown","Complete?","0, Incomplete | 1, Unverified | 2, Complete","","","","","","","","","","","",""
"s_warning_rec_dag_i","site","","descriptive","Remember to answer ""Assign record to a Data Access Group?"" to add this record to the relevant DAG so users in the same DAG can see/access it (if applicable).","","NOTE: This prompt will not disappear when ""Assign record to a Data Access Group?"" is answered BUT it will disappear after save (i.e. record is created/added)","","","","","[record-dag-id]='' AND [s_name]!='-999' AND [s_name]!='0'","","","","","","#inf"
"s_warning_rec_dag_2_i","site","","descriptive","This record is NOT in a DAG meaning other users in the same DAG will then NOT see this record even though they should be able to access (for instance, to add site-level Deviations)","","If that is needed, Visit the Record home page, use ""Choose action for this record"" and assign to a DAG (if you wish users in that DAG to have access).","","","","","[record-dag-id]='' AND [s_name]!='-999' AND [s_name]!='0'","","","","","","#inf"
"s_save_i","site","","descriptive","Minimum data to save record has not been provided Site name, and if not BCTU/Central, whether active, site country, PI email and first Site Email for study notifications","","","","","","","[s_name]='' or [s_name]='0' or ([s_name] <> '-999' and ([s_recruit]='' or [s_country]='' or [s_pi_email]='' or [s_email1]=''))","","","","","","#inf"
"s_name","site","","sql","Site name","","Visit DAG page to add DAGs for additional sites","","","","","","y","","","","","#adm"
"s_country","site","","dropdown","Country","3, England | 4, Wales | 1, Scotland | 2, Northern Ireland","","","","","","[s_name]<>'' and [s_name] <> '0' and [s_name] <> '-999'","y","","","","","#adm"
"s_recruit","site","","radio","Allow participants to be recruited at this site?","1, Yes | 0, No","unless Yes, site users will be unable to add new participant records, or be able to randomise existing participant records","","","","","[s_name]<>'' and [s_name] <> '0' and [s_name] <> '-999'","y","RH","","","","#adm"
"s_open_dt","site","","text","Date opened (green light issued)","","Site emails for notifications","date_dmy","","today","","[s_name]<>'' and [s_name] <> '0' and [s_name] <> '-999'","","","","","","#adm"
"s_email_i","site","","descriptive","Emails are associated with trial/participant records at the point the trial records are created. If the emails below are modified, the email addresses associated with existing trial records will NOT be updated immediately. They will be automatically updated at set times (at least once a day overnight). To update immediately, visit and save the Record Creation form twice of each trial record for the site , or the Blinded Assessor Project will Not be Updated immediately.","","If you need to remove an email address without replacing it with a new site email address, please replace it with a dummy email address (Copy one of the remaining site email addresses). Otherwise the Old email address will not be updated on the records.","","","","","[s_name]<>'' and [s_name] <> '0' and [s_name] <> '-999'","","","","","","#inf"
"s_pi_email","site","","text","Site PI email","","","email","","","","[s_name]<>'' and [s_name] <> '0' and [s_name] <> '-999'","y","","","","","#adm"
"s_email1","site","","text","Site email contact #1","","","email","","","","[s_name]<>'' and [s_name] <> '0' and [s_name] <> '-999'","y","","","","","#adm"
"s_email2","site","","text","Site email contact #2","","","email","","","","[s_name]<>'' and [s_name] <> '0' and [s_name] <> '-999'","","","","","","#adm"
"s_email3","site","","text","Site email contact #3","","","email","","","","[s_name]<>'' and [s_name] <> '0' and [s_name] <> '-999'","","","","","","#adm"
"s_email4","site","","text","Site email contact #4","","","email","","","","[s_name]<>'' and [s_name] <> '0' and [s_name] <> '-999'","","","","","","#adm"
"s_email5","site","","text","Site email contact #5","","","email","","","","[s_name]<>'' and [s_name] <> '0' and [s_name] <> '-999'","","","","","","#adm"
"s_id","site","","text","Site ID (optional) Can be used by trial team to record other ID associated with site e.g. reference used on mNCA)","","","","","","","[s_name]<>'' and [s_name] <> '0' and [s_name] <> '-999'","","","","","","#adm"
"s_notes","site","","textarea","Notes","","","","","","","[s_name]<>'' and [s_name]<>'0'","","LV","","","","#adm"
"s_footer","site","","descriptive","Created by [s_created_by_name] ([s_created_by_user]) on [s_created_dttm]","","","","","","","","","","","","","#adm"
"s_created_by_name","site","","text","Created by name","","","","","","","","","","","","","#sys"
"s_created_by_user","site","","text","Created by user","","","","","","","","","","","","","#sys"
"s_created_dttm","site","","text","Created date","","","datetime_seconds_dmy","","","","","","","","","","#sys"
"s_site_log","site","","calctext","Site name (stored after initially created)","","Form Status","","","","","","","","","","","#sys"
"site_complete","site","","dropdown","Complete?","0, Incomplete | 1, Unverified | 2, Complete","","","","","","","","","","","",""
"i_site","investigator","","calctext","Site ID (from Site)","","","","","","","[sites__investigato_arm_2][s_name]!='' or [i_site]!=''","","","","","","#adm"
"i_notes","investigator","","textarea","Notes","","","","","","","[i_created_dttm]!=''","","","","","","#adm"
"i_queries","investigator","","dropdown","Queries?","1, Yes | 0, No","","","","","","[i_created_dttm]!=''","","","","","","#adm"
"i_queries_details","investigator","","textarea","Details of Queries","","Investigator","","","","","[i_queries]='1'","","","","","","#adm"
"i_minimum_i","investigator","","descriptive","To appear in the dropdown lists of people within the associated project, the required (*must provide value) fields within this section must be provided, AND the assocaited activies/tasks/duites must also be answered ""Yes"" in the subsequent section.","","","","","","","","","","","","","#inf"
"i_type","investigator","","dropdown","Investigator type","1, Site | 2, Central | 3, BCTU TM Staff"," If an investigator undertakes activities at both a Site and Central level, add a separate entry for each (one for site under that site and one for central under BCTU/Central)","","","","","[i_created_dttm]!=''","y","","","","","#adm"
"i_forename","investigator","","text","Forename","","","","","","","[i_type]<>''","y","","","","","#adm"
"i_surname","investigator","","text","Surname","","","","","","","[i_type]<>''","y","","","","","#adm"
"i_option","investigator","","calctext","Name, type and ID (for dropdown list)","","","","","","","[i_created_dttm]!=''","","","","","","#adm"
"i_name","investigator","","calctext","Name (for custom label)","","","","","","","[i_created_dttm]!=''","","","","","","#adm"
"i_initials","investigator","","calctext","Initials","","","","","","","[i_created_dttm]!=''","","","","","","#adm"
"i_min_data_check","investigator","","calc","Minimum Data Check","","","","","","","[i_created_dttm]!=''","","","","","","#sys"
"i_warning_i","investigator","","descriptive","Minimum data has not been provided - you need to add before the record can be saved","","","","","","","[i_min_data_check]=''","","","","","","#inf"
"i_status","investigator","","dropdown","Status","1, Active | 2, Inactive","Must be answered ""Active"" to be newly selectable in associated people list dropdown questions When answered 'Inactive', this Investigator will NOT be newly selectable in associated people list dropdown questions, and their name will be prefixed with [NOT ACTIVE] where they have already been selected.","","","","","","","","","","","#adm"
"i_maintain_i","investigator","","descriptive","Maintenance of an Investigator Circumstances Action Details","","Cessation of  trial involvement (in any way) Update the Status to Inactive This will prevent the investigator being newly selectable in dropdown lists within other records (e.g. CRFs for a trial participant) BUT will not negatively impact cases where they have already been selected (only prefix the selection with ""[NOT ACTIVE]""","","","","","","","","","","","#inf"
"i_delete","investigator","","checkbox","Delete?","1, Delete?","","","","","","","","","","","","#adm"
"i_deletion_i","investigator","","descriptive","Before deleting, ensure impact on data integrity has been assessed.","","If this investigator has been selected in a dropdown list within other records (e.g. CRFs already entered for a trial participant), deletion could result in that selection to be erased (it will appear blank when the form is viewed and if that form is then saved, the existing value will be overwritten with the blank value.","","","","","[i_delete(1)]='1'","","","","","","#inf"
"i_delete_confirm","investigator","","checkbox","Confirm DELETION is appropriate and will not affect data integrity:","1, Confirm","","","","","","[i_delete(1)]='1'","","","","","","#adm"
"i_delete_confirm_save_i","investigator","","descriptive","Save to document confirmation and enable deletion functionality","","","","","","","[i_delete_confirm(1)]='1'","","","","","","#inf"
"i_delete_confirm_save_2_i","investigator","","descriptive","Save to disable deletion functionality","","","","","","","[i_delete_confirm(1)]='0'","","","","","","#inf"
"i_delete_confirm_link_i","investigator","","descriptive","Click here to jump to the Delete data for THIS FORM only button ↓","","Trial Activities","","","","","[i_delete_confirm(1)]='1'","","","","","","#inf"
"i_cent_i","investigator","","descriptive","To appear in the people lists in the associated form(s), must have associated task assigned:","","Name of CI or Delegate (SAE) => Assess SAE for causality and expectedness","","","","","[i_type]='2'","","","","","","#inf"
"i_central_sae_review","investigator","","dropdown","Will this investigator centrally assess SAE for causality and expectedness?","1, Yes | 0, No","","","","","","[i_type]='2'","y","","","","","#adm"
"i_bctu_i","investigator","","descriptive","To appear in the people lists in the associated form(s), must have associated task assigned:","","Name of person entering data (EQ-5D, PRO-diGI, QoR-15, Patient Satisfaction, HRUQ) => Transcribe (enter) data Form completed by (Deviation [BCTU Site record]) => Complete deviation Name of person deviation reviewed by (Deviation [BCTU Site record]) => Review deviation Name of person confirmed by (Deviation) => Confirm deviations Name of BCTU Staff (SAE) => Process SAEs","","","","","[i_type]='3'","","","","","","#inf"
"i_bctu_enter","investigator","","dropdown","Will BCTU TM Staff member transcribe (enter) data?","1, Yes | 0, No","","","","","","[i_type]='3'","y","","","","","#adm"
"i_bctu_dev_comp","investigator","","dropdown","Will BCTU TM Staff member complete deviations?","1, Yes | 0, No","","","","","","[i_type]='3'","y","","","","","#adm"
"i_bctu_dev_rev","investigator","","dropdown","Will BCTU TM Staff member review deviations?","1, Yes | 0, No","","","","","","[i_type]='3'","y","","","","","#adm"
"i_bctu_dev_conf","investigator","","dropdown","Will BCTU TM Staff member confirm CRFs?","1, Yes | 0, No","","","","","","[i_type]='3'","y","","","","","#adm"
"i_bctu_sae","investigator","","dropdown","Will BCTU TM Staff member process SAEs?","1, Yes | 0, No","","","","","","[i_type]='3'","y","","","","","#adm"
"i_pi","investigator","","dropdown","Principal Investigator?","1, Yes | 0, No","","","","","","[i_type]='1'","","","","","","#adm"
"i_dl_sbhd1","investigator","","descriptive","Delegation Log - valid entry","","","","","","","[i_type]='1'","","","","","","#inf"
"i_dl_1_i","investigator","","descriptive","To appear in the people lists in the associated project:","","Must be listed on the delegation log Other information in this section will not impact system, but may be useful for tracking/checking","","","","","[i_type]='1'","","","","","","#inf"
"i_onlog","investigator","","dropdown","Is the investigator listed on the delegation log?","1, Yes | 0, No","","","","","","[i_type]='1'","y","","","","","#adm"
"i_inv_signature","investigator","","dropdown","Has the investigator signed their delegation log entry?","1, Yes | 0, No","","","","","","[i_onlog] = '1'","","","","","","#adm"
"i_pi_initials","investigator","","dropdown","Has the PI initialled the investigator's delegation log entry?","1, Yes | 0, No","","","","","","[i_onlog] = '1'","","","","","","#adm"
"i_from","investigator","","text","From/Start","","","date_dmy","","[i_to]","","[i_onlog] = '1'","","","","","","#adm | // Min: - , Max: To/End \\"
"i_to","investigator","","text","To/End","","","date_dmy","[i_from]","","","[i_onlog] = '1'","","","","","","#adm | // Min: From/Start, Max: - \\"
"i_dl_sbhd2","investigator","","descriptive","Delegation Log - assigned duties","","","","","","","[i_onlog] = '1'","","","","","","#inf"
"i_dl_2_i","investigator","","descriptive","To appear in the people lists in the associated form(s), must have associated task assigned on the delegation log:","","Name of person taking consent? (Consent Review Admin) => Obtain informed consent Name of person confirming eligibility (Randomisation) => Confirm patient eligibility Form completed by (Randomisation) => Patient randomisation Name of Person Reporting (SAE) => Report SAEs Name of PI/ Medically qualified delegate (SAE) => Assessing SAE causality Form completed by (Consent & Eligibility, Baseline Data, Baseline Nutrition, Contact Details, Index Operation, Barthel Index, Discharge, Nutritional outcomes, Post Operation, Deviation [Participant and non-BCTU Site record], Pregnancy Notification, Pregnancy Outcome, Trial Exit/Change of Status) => Completion of eCRFs","","","","","[i_onlog] = '1'","","","","","","#inf"
"i_task_1","investigator","","dropdown","Obtain informed consent","1, Yes | 0, No","","","","","","[i_onlog] = '1'","y","","","","","#adm"
"i_task_2","investigator","","dropdown","Confirm patient eligibility","1, Yes | 0, No","","","","","","[i_onlog] = '1'","y","","","","","#adm"
"i_task_3","investigator","","dropdown","Patient randomisation","1, Yes | 0, No","","","","","","[i_onlog] = '1'","y","","","","","#adm"
"i_task_4","investigator","","dropdown","Report SAEs","1, Yes | 0, No","","","","","","[i_onlog] = '1'","y","","","","","#adm"
"i_task_5","investigator","","dropdown","Assessing SAE causality","1, Yes | 0, No","","","","","","[i_onlog] = '1'","y","","","","","#adm"
"i_task_6","investigator","","dropdown","Completion of eCRFs","1, Yes | 0, No","","","","","","[i_onlog] = '1'","y","","","","","#adm"
"i_optional_info_i","investigator","","descriptive","The following are not used by the main system","","The fields can be left back or can be used by trial team as a tracker","","","","","[i_min_data_check]='1'","","","","","","#inf"
"i_role","investigator","","dropdown","Trial Role","8, Associate PI | 1, Consultant | 2, Trainee | 3, Research Nurse | 4, Data Manager | 5, Site R&D Admin | 6, Site R&D Admin (non-delivery) | 7, Lab staff | 99, Other","","","","","","[i_min_data_check]='1'","","","","","","#adm"
"i_role_oth","investigator","","text","Other Trial Role","","Contact details","","","","","[i_role]='99'","y","","","","","#adm"
"i_contact_emb","investigator","","descriptive","Primary email {i_primemail:icons} Secondary email {i_secemail:icons}","","Tel. (landline) {i_tel:icons} Tel. (mobile) {i_mob:icons}","","","","","[i_min_data_check]='1'","","","","","","#inf"
"i_primemail","investigator","","text","Primary Email","","","email","","","","[i_min_data_check]='1'","","","","","","#adm"
"i_secemail","investigator","","text","Secondary Email","","","email","","","","[i_min_data_check]='1'","","","","","","#adm"
"i_tel","investigator","","text","Telephone (landline)","","","phone_uk","","","","[i_min_data_check]='1'","","","","","","#adm"
"i_mob","investigator","","text","Mobile","","","phone_uk","","","","[i_min_data_check]='1'","","","","","","#adm"
"i_altcontact","investigator","","textarea","Alternate contact details","","CV and GCP","","","","","[i_min_data_check]='1'","","LH","","","","#adm"
"i_cv_rec","investigator","","dropdown","CV received?","1, Yes | 0, No | 2, N/A","","","","","","[i_min_data_check]='1'","","","","","","#adm"
"i_cv_dte","investigator","","text","CV date","","","date_dmy","","today","","[i_cv_rec]='1'","","","","","","#adm"
"i_cv_age","investigator","","calc","CV age","","years","","","","","[i_cv_dte]<>''","","","","","","#adm"
"i_cv_signed","investigator","","dropdown","CV signed?","1, Yes | 0, No","","","","","","[i_cv_rec]='1'","","","","","","#adm"
"i_gcp_rec","investigator","","dropdown","GCP received?","1, Yes | 0, No | 2, N/A","","","","","","[i_min_data_check]='1'","","","","","","#adm"
"i_gcp_dte","investigator","","text","GCP date","","","date_dmy","","today","","[i_gcp_rec]='1'","","","","","","#adm"
"i_gcp_age","investigator","","calc","GCP age","","years","","","","","[i_gcp_dte]<>''","","","","","","#adm"
"i_train_rec","investigator","","dropdown","Received training?","1, Yes | 0, No | 2, N/A","","","","","","[i_min_data_check]='1'","","","","","","#adm"
"i_train_dte","investigator","","text","Training date","","","date_dmy","","today","","[i_train_rec]='1'","","","","","","#adm"
"i_train_del","investigator","","dropdown","Training delivery","1, Site Initiation by CTU | 2, Additional training session by CTU | 3, PI or delegate | 4, Self-learning using Site Initiation slides and protocol | 99, Other","","","","","","[i_train_rec]='1'","","","","","","#adm"
"i_train_del_other","investigator","","text","Other training - specify","","","","","","","[i_train_del]='99'","","","","","","#adm"
"i_footer","investigator","","descriptive","Created by [i_created_by_name] ([i_created_by_user]) on [i_created_dttm]","","","","","","","","","","","","","#inf"
"i_created_by_user","investigator","","text","Created by user","","","","","","","[sites__investigato_arm_2][s_name]!='' or [i_created_by_user]!=''","","","","","","#sys"
"i_created_by_name","investigator","","text","Created by name","","","","","","","[sites__investigato_arm_2][s_name]!='' or [i_created_by_name]!=''","","","","","","#sys"
"i_created_dttm","investigator","","text","Created date","","Form Status","datetime_seconds_dmy","","","","[sites__investigato_arm_2][s_name]!='' or [i_created_dttm]!=''","","","","","","#sys"
"investigator_complete","investigator","","dropdown","Complete?","0, Incomplete | 1, Unverified | 2, Complete","","","","","","","","","","","",""
